Id,GrLivArea,YearBuilt,YearRemodAdd,1stFlrSF,2ndFlrSF,HasBasement,TotalBsmtSF,Garage,GarageArea,GarageCars,KitchenQual,TotRmsAbvGrd,BedroomAbvGr,TotalBathrooms,OverallQual,NumFloors,PoolQC,Pool,SalePrice
1,1710,2003,2003,856,854,Yes,856,Yes,548,2,Gd,8,3,3.5,7,2,No Pool,No,208500
2,1262,1976,1976,1262,0,Yes,1262,Yes,460,2,TA,6,3,2.5,6,1,No Pool,No,181500
3,1786,2001,2002,920,866,Yes,920,Yes,608,2,Gd,6,3,3.5,7,2,No Pool,No,223500
4,1717,1915,1970,961,756,Yes,756,Yes,642,3,Gd,7,3,2.0,7,2,No Pool,No,140000
5,2198,2000,2000,1145,1053,Yes,1145,Yes,836,3,Gd,9,4,3.5,8,2,No Pool,No,250000
6,1362,1993,1995,796,566,Yes,796,Yes,480,2,TA,5,1,2.5,5,2,No Pool,No,143000
7,1694,2004,2005,1694,0,Yes,1686,Yes,636,2,Gd,7,3,3.0,8,1,No Pool,No,307000
8,2090,1973,1973,1107,983,Yes,1107,Yes,484,2,TA,7,3,3.5,7,2,No Pool,No,200000
9,1774,1931,1950,1022,752,Yes,952,Yes,468,2,TA,8,2,2.0,7,2,No Pool,No,129900
10,1077,1939,1950,1077,0,Yes,991,Yes,205,1,TA,5,2,2.0,5,1,No Pool,No,118000
11,1040,1965,1965,1040,0,Yes,1040,Yes,384,1,TA,5,3,2.0,5,1,No Pool,No,129500
12,2324,2005,2006,1182,1142,Yes,1175,Yes,736,3,Ex,11,4,4.0,9,2,No Pool,No,345000
13,912,1962,1962,912,0,Yes,912,Yes,352,1,TA,4,2,2.0,5,1,No Pool,No,144000
14,1494,2006,2007,1494,0,Yes,1494,Yes,840,3,Gd,7,3,2.0,7,1,No Pool,No,279500
15,1253,1960,1960,1253,0,Yes,1253,Yes,352,1,TA,5,2,2.5,6,1,No Pool,No,157000
16,854,1929,2001,854,0,Yes,832,Yes,576,2,TA,5,2,1.0,7,1,No Pool,No,132000
17,1004,1970,1970,1004,0,Yes,1004,Yes,480,2,TA,5,2,2.0,6,1,No Pool,No,149000
18,1296,1967,1967,1296,0,No,0,Yes,516,2,TA,6,2,2.0,4,1,No Pool,No,90000
19,1114,2004,2004,1114,0,Yes,1114,Yes,576,2,Gd,6,3,2.5,5,1,No Pool,No,159000
20,1339,1958,1965,1339,0,Yes,1029,Yes,294,1,TA,6,3,1.0,5,1,No Pool,No,139000
21,2376,2005,2006,1158,1218,Yes,1158,Yes,853,3,Gd,9,4,3.5,8,2,No Pool,No,325300
22,1108,1930,1950,1108,0,Yes,637,Yes,280,1,Gd,6,3,1.0,7,1,No Pool,No,139400
23,1795,2002,2002,1795,0,Yes,1777,Yes,534,2,Gd,7,3,2.0,8,1,No Pool,No,230000
24,1060,1976,1976,1060,0,Yes,1040,Yes,572,2,TA,6,3,2.0,5,1,No Pool,No,129900
25,1060,1968,2001,1060,0,Yes,1060,Yes,270,1,Gd,6,3,2.0,5,1,No Pool,No,154000
26,1600,2007,2007,1600,0,Yes,1566,Yes,890,3,Gd,7,3,2.0,8,1,No Pool,No,256300
27,900,1951,2000,900,0,Yes,900,Yes,576,2,Gd,5,3,1.5,5,1,No Pool,No,134800
28,1704,2007,2008,1704,0,Yes,1704,Yes,772,3,Gd,7,3,3.0,8,1,No Pool,No,306000
29,1600,1957,1997,1600,0,Yes,1484,Yes,319,1,TA,6,2,2.0,5,1,No Pool,No,207500
30,520,1927,1950,520,0,Yes,520,Yes,240,1,Fa,4,1,1.0,4,1,No Pool,No,68500
31,1317,1920,1950,649,668,Yes,649,Yes,250,1,TA,6,3,1.0,4,2,No Pool,No,40000
32,1228,1966,2006,1228,0,Yes,1228,Yes,271,1,Gd,6,3,1.5,5,1,No Pool,No,149350
33,1234,2007,2007,1234,0,Yes,1234,Yes,484,2,Gd,7,3,2.0,8,1,No Pool,No,179900
34,1700,1959,1959,1700,0,Yes,1398,Yes,447,2,Gd,6,4,2.0,5,1,No Pool,No,165500
35,1561,2005,2005,1561,0,Yes,1561,Yes,556,2,Ex,6,2,3.0,9,1,No Pool,No,277500
36,2452,2004,2005,1132,1320,Yes,1117,Yes,691,3,Gd,9,4,3.5,8,2,No Pool,No,309000
37,1097,1994,1995,1097,0,Yes,1097,Yes,672,2,TA,6,3,1.5,5,1,No Pool,No,145000
38,1297,1954,1990,1297,0,Yes,1297,Yes,498,2,TA,5,3,1.5,5,1,No Pool,No,153000
39,1057,1953,2007,1057,0,Yes,1057,Yes,246,1,Gd,5,3,2.0,5,1,No Pool,No,109000
40,1152,1955,1955,1152,0,No,0,No,0,0,Fa,6,2,2.0,4,1,No Pool,No,82000
41,1324,1965,1965,1324,0,Yes,1088,Yes,440,2,TA,6,3,2.0,6,1,No Pool,No,160000
42,1328,1959,1959,1328,0,Yes,1350,Yes,308,1,TA,5,2,2.0,5,1,No Pool,No,170000
43,884,1983,1983,884,0,Yes,840,Yes,504,2,Gd,5,2,2.0,5,1,No Pool,No,144000
44,938,1975,1980,938,0,Yes,938,Yes,308,1,TA,5,3,2.0,5,1,No Pool,No,130250
45,1150,1959,1959,1150,0,Yes,1150,Yes,300,1,TA,6,3,2.0,5,1,No Pool,No,141000
46,1752,2005,2005,1752,0,Yes,1752,Yes,576,2,Ex,6,2,3.0,9,1,No Pool,No,319900
47,2149,2003,2003,1518,631,Yes,1434,Yes,670,2,Gd,6,1,2.5,7,2,No Pool,No,239686
48,1656,2006,2006,1656,0,Yes,1656,Yes,826,3,Gd,7,3,2.0,8,1,No Pool,No,249700
49,1452,1920,2008,736,716,Yes,736,No,0,0,TA,8,2,2.0,4,2,No Pool,No,113000
50,955,1966,1966,955,0,Yes,955,Yes,386,1,TA,6,3,2.0,5,1,No Pool,No,127000
51,1470,1997,1997,794,676,Yes,794,Yes,388,2,TA,6,3,2.5,6,2,No Pool,No,177000
52,1176,1934,1950,816,0,Yes,816,Yes,528,2,TA,6,3,1.0,6,1,No Pool,No,114500
53,816,1963,1963,816,0,Yes,816,Yes,516,2,TA,5,2,2.0,5,1,No Pool,No,110000
54,1842,1981,1987,1842,0,Yes,1842,Yes,894,3,Gd,5,0,2.5,9,1,No Pool,No,385000
55,1360,1955,1955,1360,0,Yes,384,Yes,572,2,TA,6,3,1.0,5,1,No Pool,No,130000
56,1425,1964,1964,1425,0,Yes,1425,Yes,576,2,TA,7,3,2.0,6,1,No Pool,No,180500
57,1739,1999,2000,983,756,Yes,970,Yes,480,2,Gd,7,3,3.5,8,2,No Pool,No,172500
58,1720,2004,2004,860,860,Yes,860,Yes,565,2,Gd,7,3,2.5,7,2,No Pool,No,196500
59,2945,2006,2006,1426,1519,Yes,1410,Yes,641,3,Gd,10,3,3.5,10,2,No Pool,No,438780
60,780,1972,1972,780,0,Yes,780,Yes,352,1,TA,4,2,1.0,5,1,No Pool,No,124900
61,1158,2004,2004,1158,0,Yes,1158,Yes,576,2,Gd,5,3,2.5,6,1,No Pool,No,158000
62,1111,1920,1996,581,530,Yes,530,Yes,288,1,Fa,6,3,1.0,5,2,No Pool,No,101000
63,1370,2006,2006,1370,0,Yes,1370,Yes,484,2,Gd,6,2,2.0,8,1,No Pool,No,202500
64,1710,1921,1950,902,808,Yes,576,Yes,480,2,TA,9,3,2.0,7,2,No Pool,No,140000
65,2034,1997,1998,1057,977,Yes,1057,Yes,645,2,Gd,8,3,3.5,7,2,No Pool,No,219500
66,2473,2004,2005,1143,1330,Yes,1143,Yes,852,3,Gd,9,4,2.5,8,2,No Pool,No,317000
67,2207,1970,1989,2207,0,Yes,1947,Yes,576,2,TA,7,3,3.0,7,1,No Pool,No,180000
68,1479,2003,2003,1479,0,Yes,1453,Yes,558,2,Gd,7,3,3.0,7,1,No Pool,No,226000
69,747,1945,1950,747,0,Yes,747,Yes,220,1,TA,4,2,1.0,4,1,No Pool,No,80000
70,2287,1953,1953,1304,983,Yes,1304,Yes,667,2,TA,7,3,2.0,7,2,No Pool,No,225000
71,2223,1973,1973,2223,0,Yes,2223,Yes,516,2,TA,8,3,3.0,7,1,No Pool,No,244000
72,845,1982,2006,845,0,Yes,845,Yes,360,2,TA,4,2,2.0,4,1,No Pool,No,129500
73,1718,1998,1998,885,833,Yes,832,Yes,427,2,TA,7,3,2.5,7,2,No Pool,No,185000
74,1086,1954,2003,1086,0,Yes,1086,Yes,490,2,TA,6,3,2.0,5,1,No Pool,No,144900
75,1605,1915,1950,840,765,Yes,840,Yes,379,1,TA,8,3,2.0,3,2,No Pool,No,107400
76,988,1973,1973,526,462,Yes,462,Yes,297,1,TA,5,2,2.0,4,2,No Pool,No,91000
77,952,1956,1956,952,0,Yes,952,Yes,283,1,TA,4,2,1.0,4,1,No Pool,No,135750
78,1285,1948,2001,1072,213,Yes,672,Yes,240,1,TA,6,2,2.0,5,2,No Pool,No,127000
79,1768,1968,1968,1768,0,Yes,1768,No,0,0,TA,8,4,2.0,4,1,No Pool,No,136500
80,1230,1910,1981,682,548,Yes,440,Yes,440,2,TA,5,2,1.5,5,2,No Pool,No,110000
81,2142,1968,1968,1182,960,Yes,896,Yes,509,1,Gd,8,4,2.5,6,2,No Pool,No,193500
82,1337,1998,1998,1337,0,Yes,1237,Yes,405,2,TA,5,2,3.0,6,1,No Pool,No,153500
83,1563,2007,2007,1563,0,Yes,1563,Yes,758,3,Gd,6,3,2.0,8,1,No Pool,No,245000
84,1065,1960,1960,1065,0,Yes,1065,Yes,461,2,TA,6,3,1.5,5,1,No Pool,No,126500
85,1474,1995,1996,804,670,Yes,384,Yes,400,2,TA,7,3,2.5,7,2,No Pool,No,168500
86,2417,1991,1992,1301,1116,Yes,1288,Yes,462,2,Gd,9,4,2.5,8,2,No Pool,No,260000
87,1560,2005,2005,684,876,Yes,684,Yes,400,2,Gd,6,3,2.5,6,2,No Pool,No,174000
88,1224,2009,2009,612,612,Yes,612,Yes,528,2,Gd,4,2,2.5,6,2,No Pool,No,164500
89,1526,1915,1982,1013,0,Yes,1013,No,0,0,Fa,6,2,1.0,3,1,No Pool,No,85000
90,990,1994,1995,990,0,Yes,990,No,0,0,TA,5,3,2.0,4,1,No Pool,No,123600
91,1040,1950,1950,1040,0,No,0,Yes,420,2,TA,4,2,1.0,4,1,No Pool,No,109900
92,1235,1961,1961,1235,0,Yes,1235,Yes,480,2,TA,6,2,1.0,5,1,No Pool,No,98600
93,964,1921,2006,964,0,Yes,876,Yes,432,2,TA,5,2,2.0,5,1,No Pool,No,163500
94,2291,1910,1998,1260,1031,Yes,1214,Yes,506,2,TA,9,4,2.5,6,2,No Pool,No,133900
95,1786,1997,1997,905,881,Yes,824,Yes,684,2,Gd,7,3,3.5,6,2,No Pool,No,204750
96,1470,1993,1993,680,790,Yes,680,Yes,420,2,TA,6,3,2.5,6,2,No Pool,No,185000
97,1588,1999,1999,1588,0,Yes,1588,Yes,472,2,Gd,6,3,2.0,7,1,No Pool,No,214000
98,960,1965,1965,960,0,Yes,960,Yes,432,1,TA,6,3,2.0,4,1,No Pool,No,94750
99,835,1920,1950,835,0,Yes,458,Yes,366,1,TA,5,2,1.0,5,1,No Pool,No,83000
100,1225,1959,1959,1225,0,Yes,950,No,0,0,TA,6,3,2.5,4,1,No Pool,No,128950
101,1610,1977,2001,1610,0,Yes,1610,Yes,480,2,Gd,6,3,3.0,6,1,No Pool,No,205000
102,1732,1985,1985,977,755,Yes,741,Yes,476,2,Gd,7,3,2.5,6,2,No Pool,No,178000
103,1535,1979,1979,1535,0,No,0,Yes,410,2,TA,8,4,2.0,5,1,No Pool,No,118964
104,1226,2009,2009,1226,0,Yes,1226,Yes,740,3,Gd,6,3,2.0,7,1,No Pool,No,198900
105,1818,1931,1950,1226,592,Yes,1040,Yes,240,1,TA,7,4,1.5,7,2,No Pool,No,169500
106,1992,2003,2004,1053,939,Yes,1053,Yes,648,2,Gd,9,3,2.5,8,2,No Pool,No,250000
107,1047,1885,1995,1047,0,Yes,641,Yes,273,1,TA,6,2,1.0,4,1,No Pool,No,100000
108,789,1948,1950,789,0,Yes,789,Yes,250,1,TA,5,2,1.0,5,1,No Pool,No,115000
109,1517,1919,2005,997,520,Yes,793,No,0,0,Fa,7,3,2.0,5,2,No Pool,No,115000
110,1844,1977,1977,1844,0,Yes,1844,Yes,546,2,TA,7,3,2.0,6,1,No Pool,No,190000
111,1855,1954,1972,1216,639,Yes,994,Yes,325,1,TA,7,4,2.0,6,2,No Pool,No,136900
112,1430,2000,2000,774,656,Yes,384,Yes,400,2,TA,7,3,2.5,7,2,No Pool,No,180000
113,2696,2007,2007,1282,1414,Yes,1264,Yes,792,3,Ex,10,4,3.5,7,2,No Pool,No,383970
114,2259,1953,1953,2259,0,Yes,1809,Yes,450,2,Gd,7,3,3.0,6,1,No Pool,No,217000
115,2320,1945,2002,1436,884,Yes,1028,Yes,180,1,Gd,9,3,3.5,6,2,No Pool,No,259500
116,1458,1999,1999,729,729,Yes,729,Yes,440,2,TA,5,2,2.5,6,2,No Pool,No,176000
117,1092,1962,1962,1092,0,Yes,1092,Yes,288,1,TA,6,3,1.5,5,1,No Pool,No,139000
118,1125,2006,2007,1125,0,Yes,1125,Yes,430,2,TA,5,2,1.5,5,1,No Pool,No,155000
119,3222,1990,1990,1699,1523,Yes,1673,Yes,594,3,Gd,11,5,4.0,7,2,No Pool,No,320000
120,1456,2005,2006,728,728,Yes,728,Yes,390,2,Gd,8,3,2.5,6,2,No Pool,No,163990
121,988,1969,1969,988,0,Yes,938,Yes,540,2,TA,4,1,2.0,6,1,No Pool,No,180000
122,1123,1939,1950,772,351,Yes,732,Yes,264,1,TA,4,3,1.0,4,2,No Pool,No,100000
123,1080,1958,1958,1080,0,Yes,1080,Yes,288,1,TA,5,3,1.0,6,1,No Pool,No,136000
124,1199,1993,1993,1199,0,Yes,1199,Yes,530,2,Gd,5,2,2.0,6,1,No Pool,No,153900
125,1586,1979,1998,1586,0,Yes,1362,Yes,435,2,TA,7,3,2.0,6,1,No Pool,No,181000
126,754,1935,1982,520,0,Yes,520,No,0,0,TA,5,2,2.0,6,1,No Pool,No,84500
127,958,1976,1976,958,0,Yes,1078,Yes,440,2,TA,5,2,2.0,6,1,No Pool,No,128000
128,840,1930,1950,840,0,Yes,672,No,0,0,TA,5,3,1.0,5,1,No Pool,No,87000
129,1348,1966,1966,660,688,Yes,660,Yes,453,2,TA,6,3,1.5,6,2,No Pool,No,155000
130,1053,1958,1991,1053,0,Yes,1008,Yes,750,2,Ex,6,3,2.0,5,1,No Pool,No,150000
131,2157,1966,1966,1216,941,Yes,924,Yes,487,2,Gd,8,4,2.5,7,2,No Pool,No,226000
132,2054,2000,2000,1022,1032,Yes,992,Yes,390,2,Gd,7,3,3.5,6,2,No Pool,No,244000
133,1327,1959,2002,1327,0,Yes,1063,Yes,624,2,Gd,7,3,2.0,5,1,No Pool,No,150750
134,1296,2001,2002,1296,0,Yes,1267,Yes,471,2,Gd,6,2,3.0,8,1,No Pool,No,220000
135,1721,1968,1993,1721,0,Yes,1461,Yes,440,2,TA,7,3,2.5,5,1,No Pool,No,180000
136,1682,1970,1970,1682,0,Yes,1304,Yes,530,2,TA,7,3,2.0,7,1,No Pool,No,174000
137,1214,1967,1967,1214,0,Yes,1214,Yes,318,1,TA,5,3,2.0,5,1,No Pool,No,143000
138,1959,1988,1989,1959,0,Yes,1907,Yes,766,3,TA,9,5,3.0,7,1,No Pool,No,171000
139,1852,1999,2000,1004,848,Yes,1004,Yes,660,3,Gd,7,3,2.5,8,2,No Pool,No,230000
140,1764,1997,1997,928,836,Yes,928,Yes,470,2,Gd,7,3,3.5,6,2,No Pool,No,231500
141,864,1971,1971,864,0,Yes,864,No,0,0,TA,5,3,1.0,4,1,No Pool,No,115000
142,1734,2005,2005,1734,0,Yes,1734,Yes,660,2,Gd,7,3,3.0,7,1,No Pool,No,260000
143,1385,1952,1952,910,475,Yes,910,Yes,720,2,TA,6,4,2.0,5,2,No Pool,No,166000
144,1501,1999,1999,1501,0,Yes,1490,Yes,577,2,Gd,6,3,3.0,7,1,No Pool,No,204000
145,1728,1963,1963,1728,0,Yes,1728,Yes,504,2,TA,10,6,3.0,5,1,No Pool,No,125000
146,1709,2004,2006,970,739,Yes,970,Yes,380,2,Gd,7,3,2.0,6,2,No Pool,No,130000
147,875,1931,1993,875,0,Yes,715,Yes,180,1,TA,5,2,2.0,5,1,No Pool,No,105000
148,2035,2001,2001,884,1151,Yes,884,Yes,434,2,Gd,8,3,2.5,7,2,No Pool,No,222500
149,1080,2004,2005,1080,0,Yes,1080,No,0,0,Gd,6,3,2.0,7,1,No Pool,No,141000
150,1344,1936,1950,896,448,Yes,896,Yes,240,1,TA,7,3,1.0,5,2,No Pool,No,115000
151,969,1975,1975,969,0,Yes,969,Yes,440,2,TA,5,3,1.5,5,1,No Pool,No,122000
152,1710,2007,2008,1710,0,Yes,1710,Yes,866,3,Gd,6,2,3.0,8,1,No Pool,No,372402
153,1993,1971,1971,1097,896,Yes,825,Yes,495,2,TA,8,4,2.5,6,2,No Pool,No,190000
154,1252,1960,1975,1252,0,Yes,1602,Yes,564,2,TA,4,1,2.0,6,1,No Pool,No,235000
155,1200,1923,1950,1200,0,Yes,1200,Yes,312,1,TA,7,4,1.0,6,1,No Pool,No,125000
156,1096,1924,1950,572,524,Yes,572,No,0,0,TA,5,2,1.0,6,2,No Pool,No,79000
157,1040,1950,1950,1040,0,No,0,Yes,625,2,TA,5,2,1.0,5,1,No Pool,No,109500
158,1968,2009,2010,774,1194,Yes,774,Yes,680,3,Ex,8,4,2.5,8,2,No Pool,No,269500
159,1947,2004,2005,991,956,Yes,991,Yes,678,2,Gd,8,3,2.5,7,2,No Pool,No,254900
160,2462,2005,2006,1392,1070,Yes,1392,Yes,576,2,Gd,9,4,3.5,7,2,No Pool,No,320000
161,1232,1984,1984,1232,0,Yes,1232,Yes,516,2,TA,6,3,2.0,6,1,No Pool,No,162500
162,2668,2003,2004,1572,1096,Yes,1572,Yes,726,3,Ex,10,3,3.5,9,2,No Pool,No,412500
163,1541,2005,2005,1541,0,Yes,1541,Yes,532,2,Gd,7,3,2.0,7,1,No Pool,No,220000
164,882,1956,1956,882,0,Yes,882,No,0,0,TA,4,1,1.0,4,1,No Pool,No,103200
165,1616,1926,2004,1149,467,Yes,1149,Yes,216,1,Gd,5,3,2.0,6,2,No Pool,No,152000
166,1355,1940,1999,808,547,Yes,644,No,0,0,TA,6,4,3.0,5,2,No Pool,No,127500
167,1867,1955,1993,1867,0,Yes,1617,Yes,303,1,TA,7,2,2.0,5,1,No Pool,No,190000
168,2161,2007,2007,1610,551,Yes,1582,Yes,789,3,Ex,8,3,2.5,8,2,No Pool,No,325624
169,1720,2004,2004,840,880,Yes,840,Yes,440,2,Gd,7,3,2.5,7,2,No Pool,No,183500
170,1707,1981,1981,1707,0,Yes,1686,Yes,511,2,TA,6,2,2.5,8,1,No Pool,No,228000
171,1382,1941,1950,854,0,Yes,720,Yes,660,2,TA,7,2,1.5,5,1,No Pool,No,128500
172,1656,1960,1960,1656,0,Yes,1080,Yes,528,2,TA,7,3,2.0,6,1,No Pool,No,215000
173,1767,1987,1987,1064,703,Yes,1064,Yes,504,2,Gd,5,2,3.0,7,2,No Pool,No,239000
174,1362,1961,1961,1362,0,Yes,1362,Yes,504,2,TA,6,3,2.5,6,1,No Pool,No,163000
175,1651,1986,1986,1651,0,Yes,1606,Yes,616,2,TA,7,3,3.0,6,1,No Pool,No,184000
176,2158,1950,2001,2158,0,Yes,1202,Yes,576,2,Gd,7,4,3.0,6,1,No Pool,No,243000
177,2060,1988,1989,1164,896,Yes,1151,Yes,521,2,TA,8,4,3.0,6,2,No Pool,No,211000
178,1920,1958,1958,1252,668,Yes,1052,Yes,451,2,Gd,8,4,3.0,5,2,No Pool,No,172500
179,2234,2008,2009,2234,0,Yes,2216,Yes,1166,3,Ex,9,1,3.0,9,1,No Pool,No,501837
180,968,1923,2006,968,0,Yes,968,Yes,480,2,TA,5,2,1.0,5,1,No Pool,No,100000
181,1525,2000,2000,769,756,Yes,756,Yes,440,2,Gd,5,3,2.5,6,2,No Pool,No,177000
182,1802,1920,1950,901,901,Yes,793,Yes,216,1,TA,9,4,1.5,7,2,No Pool,No,200100
183,1340,1957,2006,1340,0,No,0,Yes,252,1,TA,7,3,1.0,5,1,No Pool,No,120000
184,2082,2003,2003,1362,720,Yes,1362,Yes,484,2,Gd,6,3,2.5,7,2,No Pool,No,200000
185,1252,1908,1991,936,316,Yes,504,Yes,576,2,TA,5,3,1.0,5,2,No Pool,No,127000
186,3608,1892,1993,1518,1518,Yes,1107,Yes,840,3,Ex,12,4,2.5,10,2,No Pool,No,475000
187,1217,1990,1991,1217,0,Yes,1188,Yes,497,2,Gd,6,3,3.0,7,1,No Pool,No,173000
188,1656,1916,1987,808,704,Yes,660,Yes,180,1,TA,8,3,2.5,5,2,No Pool,No,135000
189,1224,1979,1979,1224,0,Yes,1086,Yes,528,2,TA,6,2,3.0,5,1,No Pool,No,153337
190,1593,2001,2002,1593,0,Yes,1593,Yes,682,2,Ex,5,0,2.5,8,1,No Pool,No,286000
191,2727,1932,1994,1549,1178,Yes,853,Yes,440,2,Gd,10,3,2.5,8,2,No Pool,No,315000
192,1479,1972,2004,725,754,Yes,725,Yes,484,2,Gd,7,4,2.5,7,2,No Pool,No,184000
193,1431,1999,1999,1431,0,Yes,1431,Yes,666,2,Gd,6,3,3.0,7,1,No Pool,No,192000
194,1709,2004,2004,970,739,Yes,970,Yes,380,2,Gd,7,3,2.0,7,2,No Pool,No,130000
195,864,1972,1972,864,0,Yes,864,Yes,352,1,TA,5,3,1.0,5,1,No Pool,No,127000
196,1456,1976,1976,855,601,Yes,855,Yes,440,2,TA,7,3,2.5,6,2,No Pool,No,148500
197,1726,2007,2007,1726,0,Yes,1726,Yes,786,3,Ex,8,3,3.0,7,1,No Pool,No,311872
198,3112,1918,1990,1360,1360,Yes,1360,Yes,795,2,Gd,8,4,3.5,8,2,Ex,Yes,235000
199,2229,1912,1950,929,929,Yes,755,No,0,0,TA,8,5,1.0,6,2,No Pool,No,104000
200,1713,2004,2005,1713,0,Yes,1713,Yes,856,3,Ex,7,3,3.0,8,1,No Pool,No,274900
201,1121,2003,2004,1121,0,Yes,1121,Yes,440,2,TA,5,2,2.0,4,1,No Pool,No,140000
202,1279,1977,1977,1279,0,Yes,1196,Yes,473,2,TA,6,3,2.5,6,1,No Pool,No,171500
203,1310,1924,1950,865,445,Yes,617,Yes,398,1,TA,6,2,2.0,6,2,No Pool,No,112000
204,848,2004,2004,848,0,Yes,848,Yes,420,2,Gd,3,1,2.0,6,1,No Pool,No,149000
205,1284,1947,1950,720,564,Yes,720,Yes,240,1,TA,5,2,1.5,5,2,No Pool,No,110000
206,1442,1990,1990,1442,0,Yes,1424,Yes,500,2,TA,5,3,2.0,7,1,No Pool,No,180500
207,1696,1962,1962,1696,0,Yes,1140,Yes,349,1,TA,8,3,1.5,5,1,No Pool,No,143900
208,1100,1960,1960,1100,0,Yes,1100,Yes,312,1,TA,6,3,2.0,4,1,No Pool,No,141000
209,2062,1988,1989,1180,882,Yes,1157,Yes,454,2,TA,7,3,3.5,7,2,No Pool,No,277000
210,1092,1964,1964,1092,0,Yes,1092,Yes,504,2,TA,6,3,2.0,6,1,No Pool,No,145000
211,864,1925,1950,864,0,Yes,864,No,0,0,TA,5,2,2.0,5,1,No Pool,No,98000
212,1212,2009,2009,1212,0,Yes,1212,Yes,460,2,Gd,6,3,2.0,6,1,No Pool,No,186000
213,1852,2009,2009,932,920,Yes,900,Yes,644,2,Gd,7,3,3.5,7,2,No Pool,No,252678
214,990,1995,1995,990,0,Yes,990,Yes,576,2,TA,5,3,1.5,5,1,No Pool,No,156000
215,1392,1977,1977,689,703,Yes,689,Yes,299,1,TA,6,3,1.5,6,2,No Pool,No,161750
216,1236,1957,1996,1236,0,Yes,1070,Yes,447,1,Gd,6,2,1.5,5,1,No Pool,No,134450
217,1436,2004,2004,1436,0,Yes,1436,Yes,484,2,Gd,8,3,3.0,7,1,No Pool,No,210000
218,1328,1925,1950,810,518,Yes,686,Yes,210,1,TA,8,3,1.0,4,2,No Pool,No,107000
219,1954,1939,2006,1137,817,Yes,798,Yes,431,2,Gd,8,3,2.0,7,2,No Pool,No,311500
220,1248,2005,2006,1248,0,Yes,1248,Yes,438,2,Gd,5,2,2.0,7,1,No Pool,No,167240
221,1498,2006,2006,1498,0,Yes,1498,Yes,675,2,Gd,5,2,2.0,7,1,No Pool,No,204900
222,2267,2002,2002,1010,1257,Yes,1010,Yes,390,2,Gd,8,4,2.5,6,2,No Pool,No,200000
223,1552,1975,1975,811,741,Yes,713,Yes,434,2,TA,6,3,3.5,6,2,No Pool,No,179900
224,864,1971,1971,864,0,Yes,864,Yes,576,2,TA,4,2,1.0,4,1,No Pool,No,97000
225,2392,2003,2003,2392,0,Yes,2392,Yes,968,3,Ex,8,3,2.0,10,1,No Pool,No,386250
226,1302,1971,1971,630,672,Yes,630,Yes,280,1,TA,6,3,2.5,5,2,No Pool,No,112000
227,2520,1995,1995,1214,1306,Yes,1203,Yes,721,3,Gd,9,4,2.5,7,2,No Pool,No,290000
228,987,1970,1970,483,504,Yes,483,Yes,280,1,TA,5,2,1.5,6,2,No Pool,No,106000
229,912,1967,1967,912,0,Yes,912,Yes,336,1,TA,5,3,1.0,5,1,No Pool,No,125000
230,1555,2005,2006,1555,0,Yes,1373,Yes,430,2,Gd,7,2,2.0,7,1,No Pool,No,192500
231,1194,1959,1959,1194,0,Yes,1194,Yes,312,1,TA,6,3,2.0,6,1,No Pool,No,148000
232,2794,1995,1996,1490,1304,Yes,1462,Yes,810,3,Ex,9,4,3.5,8,2,No Pool,No,403000
233,987,1972,1972,483,504,Yes,483,Yes,288,1,TA,5,2,1.5,6,2,No Pool,No,94500
234,894,1976,1976,894,0,Yes,894,Yes,308,1,TA,5,3,2.0,5,1,No Pool,No,128200
235,1960,2002,2002,860,1100,Yes,860,Yes,440,2,Gd,8,4,3.5,6,2,No Pool,No,216500
236,987,1971,1971,483,504,Yes,483,Yes,264,1,TA,5,2,1.5,6,2,No Pool,No,89500
237,1414,2004,2004,1414,0,Yes,1414,Yes,494,2,Gd,6,3,2.0,7,1,No Pool,No,185500
238,1744,1993,2003,1014,730,Yes,996,Yes,457,2,Gd,7,3,2.5,7,2,No Pool,No,194500
239,1694,2007,2007,1694,0,Yes,1694,Yes,818,3,Gd,7,3,2.0,8,1,No Pool,No,318000
240,1487,1945,1950,798,689,Yes,735,Yes,220,1,TA,7,3,1.5,6,2,No Pool,No,113000
241,1566,2008,2008,1566,0,Yes,1566,Yes,750,2,Gd,7,3,3.0,8,1,No Pool,No,262500
242,866,1945,1997,866,0,Yes,686,No,0,0,Gd,4,2,1.0,5,1,No Pool,No,110500
243,1440,1900,1950,889,551,Yes,540,Yes,352,1,TA,6,3,1.0,5,2,No Pool,No,79000
244,1217,1980,1980,626,591,Yes,626,Yes,288,1,TA,6,3,1.5,6,2,No Pool,No,120000
245,2110,1994,2002,1222,888,Yes,948,Yes,463,2,Gd,8,3,3.5,7,2,No Pool,No,205000
246,1872,1988,1988,1872,0,Yes,1845,Yes,604,2,TA,6,3,2.5,7,1,No Pool,No,241500
247,1928,1910,1950,908,1020,Yes,1020,Yes,440,1,Fa,9,4,2.0,6,2,No Pool,No,137000
248,1375,1954,1954,1375,0,Yes,1367,Yes,451,2,TA,5,2,1.0,6,1,No Pool,No,140000
249,1668,2003,2003,840,828,Yes,840,Yes,500,2,Gd,8,3,2.5,7,2,No Pool,No,180000
250,2144,1958,2006,1444,700,Yes,1444,Yes,389,2,Gd,7,4,2.5,6,2,No Pool,No,277000
251,1306,1940,1966,1306,0,Yes,728,No,0,0,Fa,6,3,1.0,3,1,No Pool,No,76500
252,1625,2006,2007,1625,0,Yes,1573,Yes,538,2,Gd,5,2,3.5,8,1,No Pool,No,235000
253,1640,2004,2004,798,842,Yes,798,Yes,520,2,Gd,6,3,2.5,6,2,No Pool,No,173000
254,1302,1964,1991,1302,0,Yes,1302,Yes,309,1,Gd,7,3,2.5,6,1,No Pool,No,158000
255,1314,1957,1957,1314,0,Yes,1314,Yes,294,1,TA,5,3,2.0,5,1,No Pool,No,145000
256,2291,1999,1999,1005,1286,Yes,975,Yes,429,2,Gd,8,4,2.5,7,2,No Pool,No,230000
257,1728,2003,2003,864,864,Yes,864,Yes,673,2,Gd,7,3,2.5,6,2,No Pool,No,207500
258,1604,2006,2006,1604,0,Yes,1604,Yes,660,2,Gd,8,3,3.5,7,1,No Pool,No,220000
259,1792,2001,2001,963,829,Yes,963,Yes,564,2,Gd,7,3,2.5,7,2,No Pool,No,231500
260,882,1956,1956,882,0,No,0,Yes,308,1,TA,4,2,1.0,5,1,No Pool,No,97000
261,1382,1962,1962,1382,0,Yes,1362,Yes,884,2,TA,6,3,2.0,6,1,No Pool,No,176000
262,2574,2007,2007,1482,1092,Yes,1482,Yes,868,3,Ex,10,3,2.5,8,2,No Pool,No,276000
263,1212,1977,1995,1212,0,Yes,506,Yes,492,2,TA,6,3,2.0,6,1,No Pool,No,151000
264,1316,1929,2001,926,0,Yes,926,Yes,484,2,TA,6,3,2.0,5,1,No Pool,No,130000
265,764,1925,2004,764,0,Yes,680,Yes,504,2,TA,4,2,1.0,5,1,No Pool,No,73000
266,1422,1981,1981,1422,0,Yes,1422,Yes,576,2,Gd,7,3,2.0,6,1,No Pool,No,175500
267,1511,1997,1997,802,709,Yes,802,Yes,413,2,TA,8,3,3.5,6,2,No Pool,No,185000
268,2192,1939,1997,1052,720,Yes,720,Yes,240,1,Gd,8,4,2.5,5,2,No Pool,No,179500
269,778,1940,1955,778,0,Yes,740,Yes,924,1,TA,4,2,1.0,5,1,No Pool,No,120500
270,1113,1976,1976,1113,0,Yes,1143,Yes,504,1,TA,6,3,2.5,6,1,No Pool,No,148000
271,1939,2006,2006,1095,844,Yes,1095,Yes,1053,3,Gd,8,3,2.5,8,2,No Pool,No,266000
272,1363,1954,2005,1363,0,Yes,1385,Yes,439,2,TA,5,2,2.0,7,1,No Pool,No,241500
273,2270,1999,2007,1164,1106,Yes,1152,Yes,671,3,Gd,9,4,2.5,8,2,No Pool,No,290000
274,1632,1958,1988,1632,0,Yes,1240,Yes,338,1,TA,6,3,3.0,6,1,No Pool,No,139000
275,816,1982,1982,816,0,Yes,816,Yes,264,1,TA,5,2,1.0,5,1,No Pool,No,124500
276,1548,1925,2007,952,596,Yes,952,Yes,672,2,Ex,5,3,2.5,7,2,No Pool,No,205000
277,1560,2003,2003,1560,0,Yes,1560,Yes,573,2,Gd,7,3,2.0,7,1,No Pool,No,201000
278,864,1951,1951,864,0,Yes,864,Yes,400,2,TA,4,2,1.0,4,1,No Pool,No,141000
279,2121,2006,2007,2121,0,Yes,2121,Yes,732,3,Ex,8,3,2.5,9,1,No Pool,No,415298
280,2022,1977,1977,1156,866,Yes,1160,Yes,505,2,TA,8,4,2.5,7,2,No Pool,No,192000
281,1982,1989,1989,1175,807,Yes,807,Yes,575,2,Gd,7,3,2.5,7,2,No Pool,No,228500
282,1262,2006,2006,1262,0,Yes,1262,Yes,572,2,Gd,5,2,2.0,6,1,No Pool,No,185000
283,1314,2007,2008,1314,0,Yes,1314,Yes,626,2,Gd,6,2,3.0,7,1,No Pool,No,207500
284,1468,2008,2009,1468,0,Yes,1468,Yes,898,3,Gd,6,3,2.0,8,1,No Pool,No,244600
285,1575,1992,1992,1575,0,Yes,1575,Yes,529,2,Gd,5,2,3.0,6,1,No Pool,No,179200
286,1250,2006,2007,625,625,Yes,625,Yes,528,2,Gd,5,2,2.5,7,2,No Pool,No,164700
287,1734,1962,1981,1085,649,Yes,912,Yes,440,2,Gd,7,3,1.5,6,2,No Pool,No,159000
288,858,1971,1971,858,0,Yes,858,No,0,0,TA,5,3,1.0,4,1,No Pool,No,88000
289,900,1967,1967,900,0,Yes,882,Yes,280,1,TA,5,3,1.0,5,1,No Pool,No,122000
290,1396,1915,2003,698,698,Yes,698,Yes,384,1,TA,7,3,1.0,6,2,No Pool,No,153575
291,1919,2006,2006,1079,840,Yes,1079,Yes,685,2,Gd,8,3,2.5,8,2,No Pool,No,233230
292,1716,1912,2000,936,780,Yes,780,No,0,0,Fa,9,6,3.0,5,2,No Pool,No,135900
293,1716,1949,2008,1148,568,Yes,768,Yes,281,1,TA,8,3,1.5,5,2,No Pool,No,131000
294,2263,1977,1994,1468,795,Yes,795,Yes,539,2,Gd,9,3,3.5,7,2,No Pool,No,235000
295,1644,1953,1953,1644,0,Yes,1416,Yes,418,2,TA,7,3,2.0,6,1,No Pool,No,167000
296,1003,1984,1984,1003,0,Yes,1003,Yes,588,2,TA,6,3,2.0,6,1,No Pool,No,142500
297,1558,1950,1950,910,648,Yes,910,Yes,282,1,TA,6,4,1.5,5,2,No Pool,No,152000
298,1950,1997,1998,975,975,Yes,975,Yes,576,2,Gd,7,3,2.5,7,2,No Pool,No,239000
299,1743,1968,1968,1041,702,Yes,702,Yes,539,2,TA,7,3,2.5,6,2,No Pool,No,175000
300,1152,1950,2004,1152,0,Yes,1092,Yes,300,1,Gd,6,3,1.5,6,1,No Pool,No,158500
301,1336,1953,1953,1336,0,Yes,1165,Yes,375,1,TA,5,2,2.0,5,1,No Pool,No,157000
302,2452,1998,1999,1210,1242,Yes,1028,Yes,683,2,Gd,9,4,2.5,8,2,No Pool,No,267000
303,1541,2001,2002,1541,0,Yes,1541,Yes,843,3,Gd,6,3,2.0,7,1,No Pool,No,205000
304,894,1972,1972,894,0,Yes,894,Yes,552,2,TA,5,3,2.0,5,1,No Pool,No,149900
305,3493,1880,2002,1675,1818,Yes,1470,Yes,870,3,Gd,10,3,3.0,7,2,No Pool,No,295000
306,2000,2004,2005,2000,0,Yes,2000,Yes,888,3,Gd,8,3,3.0,8,1,No Pool,No,305900
307,2243,1990,1991,1122,1121,Yes,700,Yes,746,3,Gd,8,4,3.5,7,2,No Pool,No,225000
308,1406,1920,1950,1035,371,Yes,319,No,0,0,Fa,6,3,1.0,6,2,No Pool,No,89500
309,861,1940,1950,861,0,Yes,861,Yes,539,2,TA,4,1,1.0,4,1,No Pool,No,82500
310,1944,2003,2004,1944,0,Yes,1896,Yes,708,3,Ex,8,3,3.0,9,1,No Pool,No,360000
311,1501,1993,1994,697,804,Yes,697,Yes,420,2,Gd,6,3,2.5,6,2,No Pool,No,165600
312,972,1948,2002,972,0,Yes,972,Yes,240,1,TA,5,2,2.0,6,1,No Pool,No,132000
313,1118,1939,1950,793,325,Yes,793,Yes,410,2,TA,5,3,2.0,5,2,No Pool,No,119900
314,2036,1965,1965,2036,0,Yes,2136,Yes,513,2,TA,8,3,4.0,7,1,No Pool,No,375000
315,1641,1925,1990,832,809,Yes,728,Yes,546,2,Ex,6,3,2.0,7,2,No Pool,No,178000
316,1432,2004,2005,716,716,Yes,716,Yes,432,2,Gd,6,3,3.5,7,2,No Pool,No,188500
317,2353,1980,1980,1153,1200,Yes,845,Yes,484,2,Ex,10,4,3.5,7,2,No Pool,No,260000
318,1959,2006,2006,1088,871,Yes,1088,Yes,1025,3,Gd,8,3,2.5,8,2,No Pool,No,270000
319,2646,1993,1993,1372,1274,Yes,1347,Yes,656,3,Gd,9,4,3.5,7,2,No Pool,No,260000
320,1472,1980,1980,1472,0,Yes,1372,Yes,588,2,TA,6,3,3.0,7,1,No Pool,No,187500
321,2596,2006,2006,1249,1347,Yes,1249,Yes,840,3,Gd,9,4,3.5,9,2,No Pool,No,342643
322,2468,2004,2004,1136,1332,Yes,1136,Yes,872,3,Gd,10,4,3.5,8,2,No Pool,No,354000
323,2730,1986,1987,1553,1177,Yes,1502,Yes,576,2,Gd,8,4,3.5,7,2,No Pool,No,301000
324,1163,1955,2005,1163,0,Yes,1162,Yes,220,1,TA,6,3,2.0,3,1,No Pool,No,126175
325,2978,1967,2007,1898,1080,Yes,710,Yes,564,2,Gd,11,5,2.5,7,2,No Pool,No,242000
326,803,1941,1950,803,0,Yes,720,Yes,360,2,TA,5,2,1.0,5,1,No Pool,No,87000
327,1719,1993,1993,1719,0,Yes,1719,Yes,473,2,Gd,6,1,3.5,8,1,No Pool,No,324000
328,1383,1960,1960,1383,0,Yes,1383,Yes,292,1,TA,7,3,1.5,6,1,No Pool,No,145250
329,2134,1916,1994,1445,689,Yes,844,Yes,441,2,Gd,10,5,2.0,6,2,No Pool,No,214500
330,1192,1920,1950,596,596,Yes,596,Yes,189,1,TA,6,3,1.0,5,2,No Pool,No,78000
331,1728,1964,1964,1728,0,Yes,1728,Yes,352,1,TA,10,6,2.5,5,1,No Pool,No,119000
332,1056,1958,1992,1056,0,Yes,1056,Yes,308,1,TA,6,3,2.0,5,1,No Pool,No,139000
333,1629,2003,2004,1629,0,Yes,3206,Yes,880,3,Gd,7,3,3.0,8,1,No Pool,No,284000
334,1358,2004,2004,1358,0,Yes,1358,Yes,484,2,Gd,6,2,3.0,7,1,No Pool,No,207000
335,1638,1998,1998,943,695,Yes,943,Yes,472,2,TA,7,3,3.5,6,2,No Pool,No,192000
336,1786,1965,1965,1619,167,Yes,1499,Yes,529,2,TA,7,3,4.0,5,2,No Pool,No,228950
337,1922,2005,2006,1922,0,Yes,1922,Yes,676,3,Gd,8,3,3.0,9,1,No Pool,No,377426
338,1536,2002,2003,1536,0,Yes,1536,Yes,532,2,Gd,7,3,3.0,7,1,No Pool,No,214000
339,1621,1984,1998,1621,0,Yes,1208,Yes,440,2,Gd,8,3,3.0,7,1,No Pool,No,202500
340,1215,1958,1998,1215,0,Yes,1215,Yes,297,1,TA,6,3,1.0,6,1,No Pool,No,155000
341,1908,2002,2002,993,915,Yes,967,Yes,431,2,Gd,9,4,2.5,8,2,No Pool,No,202900
342,841,1950,1950,841,0,Yes,721,Yes,294,1,TA,4,2,1.0,4,1,No Pool,No,82000
343,1040,1949,1950,1040,0,No,0,Yes,400,2,TA,6,2,2.0,3,1,No Pool,No,87500
344,1684,2005,2005,1684,0,Yes,1684,Yes,564,2,Ex,6,2,2.0,9,1,No Pool,No,266000
345,1112,1976,1976,536,576,Yes,536,Yes,336,1,TA,4,3,1.5,5,2,No Pool,No,85000
346,1577,1939,1950,972,605,Yes,972,Yes,312,1,Fa,6,3,1.0,6,2,No Pool,No,140200
347,958,1960,1998,958,0,Yes,958,Yes,301,1,TA,5,2,1.0,6,1,No Pool,No,151500
348,1478,1960,1960,1478,0,Yes,1478,Yes,498,2,TA,6,3,3.0,6,1,No Pool,No,157500
349,1626,2003,2004,764,862,Yes,764,Yes,474,2,Gd,6,2,3.5,7,2,No Pool,No,154000
350,2728,2005,2006,1848,880,Yes,1848,Yes,706,3,Ex,10,4,3.5,9,2,No Pool,No,437154
351,1869,2007,2007,1869,0,Yes,1869,Yes,617,2,Ex,6,2,2.0,9,1,No Pool,No,318061
352,1453,1986,1986,1453,0,Yes,1453,Yes,445,2,Gd,6,2,2.5,7,1,No Pool,No,190000
353,1111,1941,1950,616,495,Yes,616,Yes,200,1,TA,5,3,1.5,5,2,No Pool,No,95000
354,720,1928,2003,720,0,Yes,624,Yes,484,2,TA,5,2,1.0,6,1,No Pool,No,105900
355,1595,1940,2000,1192,403,Yes,940,Yes,240,1,TA,6,2,1.0,6,2,No Pool,No,140000
356,1200,1995,1995,1200,0,Yes,1200,Yes,521,2,Gd,6,3,3.0,6,1,No Pool,No,177500
357,1167,1992,1992,1167,0,Yes,1158,Yes,400,2,Gd,6,3,3.0,6,1,No Pool,No,173000
358,1142,1976,1976,1142,0,Yes,1142,Yes,528,2,TA,6,3,2.5,5,1,No Pool,No,134000
359,1352,1958,1958,1352,0,Yes,1062,Yes,288,1,Gd,6,3,1.5,5,1,No Pool,No,130000
360,1924,1998,1998,1086,838,Yes,1086,Yes,592,2,Gd,7,3,3.5,8,2,No Pool,No,280000
361,912,1978,1978,912,0,Yes,888,Yes,470,2,TA,5,2,2.0,6,1,No Pool,No,156000
362,1505,1940,1982,988,517,Yes,883,Yes,240,1,TA,8,3,2.0,5,2,No Pool,No,145000
363,1922,2003,2003,495,1427,No,0,Yes,672,2,Gd,7,4,3.0,7,2,No Pool,No,198500
364,987,1972,2007,483,504,Yes,483,Yes,264,1,Gd,5,2,1.5,6,2,No Pool,No,118000
365,1574,1976,1976,790,784,Yes,796,Yes,566,2,TA,6,3,3.5,6,2,No Pool,No,190000
366,1344,1920,1997,672,672,Yes,672,Yes,468,1,TA,6,3,1.0,5,2,No Pool,No,147000
367,1394,1963,1963,1394,0,Yes,1394,Yes,514,2,TA,6,3,2.5,6,1,No Pool,No,159000
368,1431,1962,1962,1431,0,Yes,1099,Yes,296,1,TA,6,3,1.5,6,1,No Pool,No,165000
369,1268,1954,1954,1268,0,Yes,1268,Yes,244,1,TA,7,2,1.0,5,1,No Pool,No,132000
370,1287,1959,2006,1287,0,Yes,1063,Yes,576,2,Gd,7,3,2.0,5,1,No Pool,No,162000
371,1664,2000,2000,953,711,Yes,953,Yes,460,2,TA,7,3,2.5,6,2,No Pool,No,172400
372,1588,1959,1959,1120,468,No,0,Yes,680,2,TA,7,4,2.0,4,2,No Pool,No,134432
373,752,1984,1984,752,0,Yes,744,Yes,264,1,TA,4,2,2.0,6,1,No Pool,No,125000
374,1319,1953,1953,1319,0,Yes,608,Yes,270,1,TA,5,3,2.0,5,1,No Pool,No,123000
375,1928,2003,2004,847,1081,Yes,847,Yes,434,2,Gd,8,4,2.5,7,2,No Pool,No,219500
376,904,1922,1950,904,0,Yes,683,No,0,0,Fa,4,1,1.5,1,1,No Pool,No,61000
377,914,1996,1996,914,0,Yes,870,Yes,576,2,TA,5,2,1.0,5,1,No Pool,No,148000
378,2466,2004,2005,1580,886,Yes,1580,Yes,610,2,Gd,8,4,3.0,8,2,No Pool,No,340000
379,1856,2010,2010,1856,0,Yes,1856,Yes,834,3,Ex,8,1,2.5,9,1,No Pool,No,394432
380,1800,2000,2000,1007,793,Yes,982,Yes,463,2,TA,7,3,2.5,6,2,No Pool,No,179000
381,1691,1924,1950,1026,665,Yes,1026,Yes,308,1,Gd,6,3,2.0,5,2,No Pool,No,127000
382,1301,2006,2006,1301,0,Yes,1293,Yes,572,2,Gd,5,2,3.0,7,1,No Pool,No,187750
383,1797,2006,2006,939,858,Yes,939,Yes,639,2,Gd,8,3,2.5,7,2,No Pool,No,213500
384,784,1928,1950,784,0,Yes,784,Yes,360,2,TA,5,2,1.0,6,1,No Pool,No,76000
385,1953,1992,1992,1079,874,Yes,1580,Yes,501,2,Gd,9,3,3.5,6,2,No Pool,No,240000
386,1269,2004,2005,1269,0,Yes,1256,Yes,430,2,Gd,6,2,2.0,8,1,No Pool,No,192000
387,1184,1910,1996,658,526,Yes,658,No,0,0,TA,8,5,1.0,5,2,No Pool,No,81000
388,1125,1976,1976,1125,0,Yes,1041,Yes,352,1,TA,6,3,2.0,6,1,No Pool,No,125000
389,1479,1999,2000,1479,0,Yes,1468,Yes,577,2,Gd,6,3,2.0,7,1,No Pool,No,191000
390,2332,2007,2008,1742,590,Yes,1682,Yes,846,3,Ex,9,3,3.5,10,2,No Pool,No,426000
391,1367,1900,1950,961,406,Yes,861,Yes,384,1,TA,7,4,2.0,5,2,No Pool,No,119000
392,1961,2001,2002,804,1157,Yes,804,Yes,560,2,Gd,7,3,3.5,6,2,No Pool,No,215000
393,882,1959,1959,882,0,No,0,Yes,294,1,TA,5,3,1.0,5,1,No Pool,No,106500
394,788,1941,1950,788,0,Yes,788,No,0,0,TA,4,2,1.0,4,1,No Pool,No,100000
395,1034,1940,1950,735,299,Yes,735,Yes,240,1,TA,5,2,1.0,5,2,No Pool,No,109000
396,1144,1956,1956,1144,0,Yes,1144,Yes,596,1,TA,6,3,2.0,5,1,No Pool,No,129000
397,894,1972,1972,894,0,Yes,894,Yes,600,2,TA,6,2,1.0,5,1,No Pool,No,123000
398,1812,1962,1962,876,936,Yes,864,Yes,264,1,TA,8,4,2.0,5,2,No Pool,No,169500
399,1077,1920,1950,1077,0,Yes,961,Yes,338,1,TA,6,2,1.0,5,1,No Pool,No,67000
400,1550,2006,2007,1112,438,Yes,1092,Yes,438,2,Gd,7,2,3.0,7,2,No Pool,No,241000
401,1288,1996,1996,1288,0,Yes,1260,Yes,500,2,Ex,4,1,2.5,8,1,No Pool,No,245500
402,1310,2005,2005,1310,0,Yes,1310,Yes,400,2,Gd,6,3,2.0,7,1,No Pool,No,164990
403,672,1940,1997,672,0,Yes,672,Yes,240,1,TA,4,2,1.0,5,1,No Pool,No,108000
404,2263,1998,1998,1165,1098,Yes,1141,Yes,420,2,Gd,10,4,2.5,8,2,No Pool,No,258000
405,1572,1995,1996,806,766,Yes,806,Yes,373,2,TA,7,3,2.5,6,2,No Pool,No,168000
406,1620,1976,1993,1620,0,Yes,1281,Yes,490,2,TA,8,3,3.0,4,1,No Pool,No,150000
407,1639,1936,1950,1166,0,Yes,1064,Yes,240,1,TA,6,3,1.0,6,1,No Pool,No,115000
408,1680,1915,1976,840,840,Yes,840,Yes,308,1,TA,8,4,2.0,6,2,No Pool,No,177000
409,2172,2006,2006,1071,1101,Yes,1063,Yes,947,3,Gd,9,3,2.5,7,2,No Pool,No,280000
410,2078,2007,2008,1050,1028,Yes,1034,Yes,836,3,Ex,8,3,3.5,8,2,No Pool,No,339750
411,1276,1958,1958,1276,0,Yes,1276,Yes,350,1,TA,5,3,1.0,5,1,No Pool,No,60000
412,1056,1955,1955,1056,0,Yes,1056,Yes,572,2,TA,5,3,2.0,5,1,No Pool,No,145000
413,1478,2009,2009,1478,0,Yes,1470,Yes,484,2,Gd,7,2,3.5,7,1,No Pool,No,222000
414,1028,1927,1950,1028,0,Yes,1008,Yes,360,2,TA,5,2,1.0,5,1,No Pool,No,115000
415,2097,1993,1993,1080,1017,Yes,1080,Yes,678,3,Gd,9,3,3.0,7,2,No Pool,No,228000
416,1340,2007,2007,1340,0,Yes,1340,Yes,396,2,Gd,6,3,2.0,7,1,No Pool,No,181134
417,1400,1978,1978,672,728,Yes,672,Yes,440,2,TA,6,3,1.5,6,2,No Pool,No,149500
418,2624,1918,1950,1370,1254,Yes,1370,Yes,864,3,TA,10,4,3.5,6,2,No Pool,No,239000
419,1134,1940,1950,756,378,Yes,756,Yes,240,1,TA,7,3,2.5,5,2,No Pool,No,126000
420,1056,1968,1968,1056,0,Yes,1056,Yes,304,1,TA,6,3,2.0,5,1,No Pool,No,142000
421,1344,1997,1998,1344,0,Yes,1344,Yes,784,4,TA,8,2,4.0,7,1,No Pool,No,206300
422,1602,1977,2000,1602,0,Yes,1602,Yes,529,2,Gd,8,3,2.5,6,1,No Pool,No,215000
423,988,1954,1954,988,0,Yes,988,Yes,520,2,TA,4,2,1.0,5,1,No Pool,No,113000
424,2630,1998,1998,1470,1160,Yes,1470,Yes,696,3,Gd,8,4,3.5,8,2,No Pool,No,315000
425,1196,1956,1956,1196,0,Yes,1196,Yes,297,1,TA,6,2,2.0,6,1,No Pool,No,139000
426,1389,1946,1992,707,682,Yes,651,Yes,240,1,TA,6,3,1.5,7,2,No Pool,No,135000
427,1644,1989,1989,1644,0,Yes,1518,Yes,569,2,Gd,5,2,3.5,7,1,No Pool,No,275000
428,907,1957,1957,907,0,Yes,907,Yes,352,1,TA,5,3,1.0,4,1,No Pool,No,109008
429,1208,2007,2007,1208,0,Yes,1208,Yes,628,2,Gd,6,2,3.0,7,1,No Pool,No,195400
430,1412,1988,1988,1412,0,Yes,1392,Yes,576,2,Gd,6,3,3.0,6,1,No Pool,No,175000
431,987,1971,1971,483,504,Yes,483,Yes,264,1,TA,4,2,1.5,6,2,No Pool,No,85400
432,1198,1920,1998,1088,110,Yes,901,No,0,0,TA,7,4,1.0,6,2,No Pool,No,79900
433,1365,1971,1971,765,600,Yes,765,Yes,440,2,TA,6,2,2.5,5,2,No Pool,No,122500
434,1604,1997,1998,926,678,Yes,926,Yes,470,2,TA,7,3,2.5,6,2,No Pool,No,181000
435,630,1972,1972,630,0,Yes,630,No,0,0,TA,3,1,2.0,4,1,No Pool,No,81000
436,1661,1996,1996,827,834,Yes,799,Yes,550,2,Gd,6,3,3.5,7,2,No Pool,No,212000
437,1118,1920,1950,734,384,Yes,648,Yes,440,2,TA,6,2,1.0,6,2,No Pool,No,116000
438,904,1926,2004,904,0,Yes,884,Yes,180,1,TA,4,2,1.0,6,1,No Pool,No,119000
439,694,1913,2002,694,0,Yes,440,Yes,352,1,Gd,4,2,1.0,5,1,No Pool,No,90350
440,1196,1920,2000,684,512,Yes,684,Yes,528,2,Gd,7,3,1.0,6,2,No Pool,No,110000
441,2402,2008,2008,2402,0,Yes,3094,Yes,672,3,Ex,10,2,3.0,10,1,No Pool,No,555000
442,1440,1955,1955,1440,0,Yes,1440,No,0,0,Fa,8,4,2.0,4,1,No Pool,No,118000
443,1573,1930,1992,1128,445,Yes,1078,Yes,360,2,TA,8,3,2.0,5,2,No Pool,No,162900
444,1258,2006,2007,1258,0,Yes,1258,Yes,648,3,Gd,6,2,2.0,7,1,No Pool,No,172500
445,1908,1994,1995,933,975,Yes,915,Yes,493,2,Gd,8,4,3.5,7,2,No Pool,No,210000
446,1689,1956,1956,1689,0,Yes,1436,Yes,480,2,TA,7,3,1.0,6,1,No Pool,No,127500
447,1888,1966,2002,1888,0,Yes,1517,Yes,578,2,Gd,6,2,2.5,6,1,No Pool,No,190000
448,1886,1998,1999,956,930,Yes,930,Yes,431,2,Gd,10,4,2.5,7,2,No Pool,No,199900
449,1376,1937,1950,780,596,Yes,780,Yes,198,1,TA,7,3,2.0,6,2,No Pool,No,119500
450,1183,1948,2002,679,504,Yes,649,Yes,308,1,TA,6,2,1.5,3,2,No Pool,No,120000
451,813,1930,2005,813,0,Yes,813,Yes,270,1,Gd,5,2,1.0,6,1,No Pool,No,110000
452,1533,1975,1975,1533,0,Yes,1533,Yes,576,2,Gd,5,2,3.0,7,1,No Pool,No,280000
453,1756,1996,1997,888,868,Yes,872,Yes,422,2,TA,7,3,3.5,6,2,No Pool,No,204000
454,1590,2008,2008,786,804,Yes,768,Yes,676,2,Gd,6,3,2.5,8,2,No Pool,No,210000
455,1728,1976,1976,1728,0,Yes,1728,Yes,560,2,TA,8,4,4.0,5,1,No Pool,No,188000
456,1242,1973,1973,1242,0,Yes,1242,Yes,528,2,TA,6,3,1.5,7,1,No Pool,No,175500
457,1344,1916,1950,624,720,Yes,624,Yes,513,3,TA,7,4,1.0,5,2,No Pool,No,98000
458,1663,1954,1994,1663,0,Yes,1364,Yes,529,2,Gd,6,2,2.0,4,1,No Pool,No,256000
459,1666,1925,1996,833,833,Yes,588,Yes,228,1,Gd,7,3,1.0,8,2,No Pool,No,161000
460,1203,1950,1950,979,224,Yes,709,Yes,352,1,Gd,5,3,2.0,5,2,No Pool,No,110000
461,1935,2009,2009,832,1103,Yes,832,Yes,552,2,TA,8,3,3.5,8,2,No Pool,No,263435
462,1135,1936,2007,575,560,Yes,560,Yes,576,2,Gd,6,3,2.0,7,2,No Pool,No,155000
463,864,1965,1965,864,0,Yes,864,Yes,360,1,TA,5,3,1.0,5,1,No Pool,No,62383
464,1660,1934,1995,849,811,Yes,715,Yes,240,1,TA,6,3,1.5,6,2,No Pool,No,188700
465,1040,1978,1978,1040,0,Yes,1040,No,0,0,TA,5,3,2.0,5,1,No Pool,No,124000
466,1414,2004,2004,1414,0,Yes,1375,Yes,398,2,Gd,6,2,2.0,7,1,No Pool,No,178740
467,1277,1970,1970,1277,0,Yes,1277,Yes,526,2,TA,5,2,2.0,7,1,No Pool,No,167000
468,1644,1942,1995,888,756,Yes,728,Yes,312,1,Gd,7,3,1.5,5,2,No Pool,No,146500
469,1634,2006,2006,1634,0,Yes,1626,Yes,866,3,Gd,7,3,2.0,8,1,No Pool,No,250000
470,1710,1993,1993,832,878,Yes,832,Yes,506,2,Gd,7,3,2.5,6,2,No Pool,No,187000
471,1502,1985,1985,1502,0,Yes,1488,Yes,528,2,Gd,4,1,2.5,8,1,No Pool,No,212000
472,1969,1977,1977,1161,808,Yes,808,Yes,534,2,TA,8,3,2.5,7,2,No Pool,No,190000
473,1072,2005,2005,1072,0,Yes,547,Yes,525,2,TA,5,2,2.0,6,1,No Pool,No,148000
474,1976,2006,2007,1976,0,Yes,1976,Yes,908,3,Gd,7,2,3.0,8,1,No Pool,No,440000
475,1652,2000,2000,1652,0,Yes,1494,Yes,499,2,Ex,6,2,3.0,8,1,No Pool,No,251000
476,970,1963,1963,970,0,Yes,970,Yes,624,2,TA,5,2,2.0,5,1,No Pool,No,132500
477,1493,1997,1998,1493,0,Yes,1478,Yes,508,2,Gd,7,3,3.0,6,1,No Pool,No,208900
478,2643,2006,2006,2069,574,Yes,2153,Yes,694,3,Ex,9,3,2.5,9,2,No Pool,No,380000
479,1718,2007,2008,1718,0,Yes,1705,Yes,826,3,Gd,7,3,3.0,8,1,No Pool,No,297000
480,1131,1937,2000,1131,0,Yes,907,Yes,672,2,TA,7,2,1.0,4,1,No Pool,No,89471
481,1850,2004,2005,1850,0,Yes,1833,Yes,772,3,Gd,8,3,3.0,9,1,No Pool,No,326000
482,1792,2003,2004,1792,0,Yes,1792,Yes,874,3,Ex,6,2,3.0,9,1,No Pool,No,374000
483,1826,1915,2005,916,910,Yes,910,Yes,164,1,Ex,7,4,2.5,7,2,No Pool,No,155000
484,1216,1998,1998,1216,0,Yes,1216,Yes,402,2,TA,5,2,3.0,6,1,No Pool,No,164000
485,999,1962,2001,999,0,Yes,999,Yes,264,1,Gd,6,3,2.0,5,1,No Pool,No,132500
486,1113,1950,2007,1113,0,Yes,1113,Yes,264,1,Gd,5,3,1.0,5,1,No Pool,No,147000
487,1073,1965,1965,1073,0,Yes,1073,Yes,515,2,TA,6,3,2.5,5,1,No Pool,No,156000
488,1484,1971,1971,1484,0,Yes,1484,Yes,487,2,TA,7,3,2.0,5,1,No Pool,No,175000
489,2414,1900,1970,1766,648,Yes,954,Yes,520,2,TA,10,3,2.0,5,2,No Pool,No,160000
490,630,1970,2002,630,0,Yes,630,Yes,286,1,Gd,3,1,2.0,4,1,No Pool,No,86000
491,1304,1976,1976,616,688,Yes,264,Yes,336,1,TA,4,3,1.5,5,2,No Pool,No,115000
492,1578,1941,1950,958,620,Yes,806,Yes,240,1,Fa,5,3,2.0,6,2,No Pool,No,133000
493,1456,2006,2006,728,728,Yes,728,Yes,429,2,TA,8,3,2.5,6,2,No Pool,No,172785
494,1269,1960,1960,1269,0,Yes,1269,Yes,308,1,TA,6,3,1.5,5,1,No Pool,No,155000
495,886,1938,1996,886,0,Yes,190,Yes,273,1,TA,4,2,1.0,5,1,No Pool,No,91300
496,720,1920,1950,720,0,Yes,720,No,0,0,TA,4,2,1.0,4,1,No Pool,No,34900
497,3228,1992,1993,3228,0,Yes,3200,Yes,546,2,Gd,10,4,4.0,8,1,No Pool,No,430000
498,1820,1925,1950,1133,687,Yes,1026,Yes,240,1,TA,8,4,3.0,7,2,No Pool,No,184000
499,899,1967,2004,899,0,Yes,864,Yes,288,1,Gd,5,3,1.0,5,1,No Pool,No,130000
500,912,1958,1985,912,0,Yes,912,Yes,297,1,TA,5,2,1.5,5,1,No Pool,No,120000
501,1218,1973,1973,672,546,Yes,672,Yes,264,1,TA,7,3,1.5,6,2,No Pool,No,113000
502,1768,2005,2005,866,902,Yes,866,Yes,603,2,Gd,7,3,2.5,7,2,No Pool,No,226700
503,1214,1965,1965,1214,0,Yes,1214,Yes,461,2,TA,6,2,2.0,5,1,No Pool,No,140000
504,1801,1959,1997,1801,0,Yes,1501,Yes,484,2,TA,6,1,3.0,7,1,No Pool,No,289000
505,1322,1974,1974,855,467,Yes,855,Yes,440,2,TA,6,3,3.0,6,2,No Pool,No,147000
506,1960,1952,1952,960,1000,Yes,960,Yes,400,2,TA,10,4,2.0,5,2,No Pool,No,124500
507,1911,1993,1994,1065,846,Yes,777,Yes,471,2,Gd,8,3,2.5,8,2,No Pool,No,215000
508,1218,2009,2009,1218,0,Yes,1218,Yes,676,2,Gd,4,2,2.0,6,1,No Pool,No,208300
509,1378,1928,2005,689,689,Yes,689,Yes,360,2,Gd,7,3,2.0,7,2,No Pool,No,161000
510,1041,1959,1959,1041,0,Yes,1041,Yes,270,1,TA,6,3,2.0,5,1,No Pool,No,124500
511,1363,1951,2000,1363,0,Yes,1008,Yes,288,1,TA,6,2,2.0,5,1,No Pool,No,164900
512,1368,2005,2006,1368,0,Yes,1368,Yes,474,2,Gd,6,2,2.0,7,1,No Pool,No,202665
513,864,1958,1958,864,0,Yes,864,Yes,624,2,TA,5,3,2.0,5,1,No Pool,No,129900
514,1080,1983,1983,1080,0,Yes,1084,Yes,484,2,TA,5,3,1.5,6,1,No Pool,No,134000
515,789,1926,1950,789,0,Yes,768,Yes,200,1,TA,5,2,1.0,5,1,No Pool,No,96500
516,2020,2009,2009,2020,0,Yes,2006,Yes,900,3,Ex,9,3,3.5,10,1,No Pool,No,402861
517,2119,1972,1972,1378,741,Yes,689,Yes,583,2,TA,7,3,2.5,6,2,No Pool,No,158000
518,2344,1996,1997,1277,1067,Yes,1264,Yes,889,3,Gd,7,3,2.5,7,2,No Pool,No,265000
519,1796,1998,1998,882,914,Yes,794,Yes,546,2,TA,7,3,3.5,6,2,No Pool,No,211000
520,2080,1926,2004,1276,804,Yes,1276,Yes,282,1,Gd,9,3,1.5,7,2,No Pool,No,234000
521,1294,1900,2000,694,600,No,0,No,0,0,TA,7,3,2.0,4,2,No Pool,No,106250
522,1244,1957,1957,1244,0,Yes,1244,Yes,336,1,TA,6,3,1.5,6,1,No Pool,No,150000
523,1664,1947,1950,1004,660,Yes,1004,Yes,420,2,TA,7,3,2.0,6,2,No Pool,No,159000
524,4676,2007,2008,3138,1538,Yes,3138,Yes,884,3,Ex,11,3,4.5,10,2,No Pool,No,184750
525,2398,1996,1997,1383,1015,Yes,1379,Yes,834,3,Gd,8,3,3.5,7,2,No Pool,No,315750
526,1266,2005,2005,1266,0,Yes,1257,Yes,453,2,Gd,6,3,2.0,7,1,No Pool,No,176000
527,928,1956,2000,928,0,Yes,928,Yes,252,1,TA,4,2,1.0,5,1,No Pool,No,132000
528,2713,2008,2008,1476,1237,Yes,1452,Yes,858,3,Ex,11,3,3.5,9,2,No Pool,No,446261
529,605,1920,2002,605,0,Yes,528,No,0,0,TA,5,2,2.0,4,1,No Pool,No,86000
530,2515,1957,1975,2515,0,Yes,2035,Yes,484,2,TA,9,4,4.0,6,1,No Pool,No,200624
531,1509,1988,1989,1509,0,Yes,1461,Yes,600,2,Gd,5,3,3.0,6,1,No Pool,No,175000
532,1362,1920,1999,751,611,Yes,611,Yes,502,2,TA,6,3,2.0,6,2,No Pool,No,128000
533,827,1955,2007,827,0,No,0,Yes,392,1,TA,5,2,1.0,5,1,No Pool,No,107500
534,334,1946,1950,334,0,No,0,No,0,0,Fa,2,1,1.0,1,1,No Pool,No,39300
535,1414,2004,2004,707,707,Yes,707,Yes,403,2,Gd,6,3,2.5,8,2,No Pool,No,178000
536,1347,1910,1991,820,527,Yes,1117,No,0,0,TA,5,3,2.0,5,2,No Pool,No,107500
537,1724,1998,1999,880,844,Yes,880,Yes,527,2,Gd,8,3,2.5,7,2,No Pool,No,188000
538,864,1972,1972,864,0,Yes,864,Yes,576,2,TA,5,3,1.0,4,1,No Pool,No,111250
539,1159,1968,1968,1159,0,Yes,1051,Yes,336,1,TA,7,3,1.5,5,1,No Pool,No,158000
540,1601,2001,2002,1601,0,Yes,1581,Yes,670,2,Gd,6,3,3.0,8,1,No Pool,No,272000
541,1838,2006,2006,1838,0,Yes,1838,Yes,765,3,Ex,8,2,3.0,9,1,No Pool,No,315000
542,2285,2000,2000,997,1288,Yes,969,Yes,648,3,Gd,8,4,2.5,8,2,No Pool,No,248000
543,1680,1998,1999,1680,0,Yes,1650,Yes,583,2,Gd,7,3,3.0,7,1,No Pool,No,213250
544,767,1998,1998,767,0,Yes,723,Yes,367,1,TA,4,1,2.0,7,1,No Pool,No,133000
545,1496,2006,2006,664,832,Yes,654,Yes,426,2,Gd,7,3,3.5,7,2,No Pool,No,179665
546,2183,1988,1988,1377,806,Yes,1204,Yes,786,3,Gd,9,4,2.5,7,2,No Pool,No,229000
547,1635,1923,1950,915,720,Yes,1065,Yes,440,2,TA,6,3,1.5,6,2,No Pool,No,210000
548,768,1970,1970,768,0,Yes,768,Yes,624,2,TA,5,2,2.0,5,1,No Pool,No,129500
549,825,1955,1995,825,0,Yes,825,Yes,720,2,TA,4,2,2.0,5,1,No Pool,No,125000
550,2094,2003,2004,912,1182,Yes,912,Yes,615,2,Gd,8,4,2.5,7,2,No Pool,No,263000
551,1069,1977,1977,1069,0,Yes,1069,Yes,440,2,TA,4,2,2.0,6,1,No Pool,No,140000
552,928,1957,1957,928,0,Yes,928,Yes,288,1,TA,5,3,1.0,5,1,No Pool,No,112500
553,1717,2006,2006,1717,0,Yes,1709,Yes,908,3,Gd,7,3,2.0,8,1,No Pool,No,255500
554,1126,1949,2003,1126,0,No,0,Yes,520,2,Gd,5,2,2.0,4,1,No Pool,No,108000
555,2046,2003,2004,1006,1040,Yes,998,Yes,871,3,Gd,8,3,3.5,7,2,No Pool,No,284000
556,1048,1922,1950,1048,0,Yes,993,Yes,280,1,TA,5,2,1.0,5,1,No Pool,No,113000
557,1092,1957,1957,1092,0,Yes,1092,Yes,299,1,TA,6,2,2.0,5,1,No Pool,No,141000
558,1336,1920,1950,897,439,Yes,637,Yes,570,1,TA,7,3,1.5,4,2,No Pool,No,108000
559,1446,1996,1997,729,717,Yes,729,Yes,406,2,TA,6,3,3.0,7,2,No Pool,No,175000
560,1557,2003,2004,1557,0,Yes,1374,Yes,420,2,Gd,7,2,2.0,7,1,No Pool,No,234000
561,1392,1957,1996,1392,0,Yes,1392,Yes,528,2,TA,5,3,2.5,5,1,No Pool,No,121500
562,1389,1974,1975,1389,0,Yes,1389,Yes,418,2,TA,6,2,2.0,5,1,No Pool,No,170000
563,996,1940,1969,996,0,Yes,996,No,0,0,TA,6,3,2.0,5,1,No Pool,No,108000
564,1674,1918,1950,1163,511,Yes,1163,Yes,396,2,TA,8,4,2.0,6,2,No Pool,No,185000
565,2295,1992,2000,1166,1129,Yes,1095,Yes,590,2,Gd,9,4,3.5,7,2,No Pool,No,268000
566,1647,1915,1950,841,806,Yes,806,Yes,216,1,Fa,6,4,2.5,6,2,No Pool,No,128000
567,2504,2005,2007,1134,1370,Yes,1122,Yes,656,3,Ex,11,4,2.5,9,2,No Pool,No,325000
568,1535,2004,2004,1535,0,Yes,1517,Yes,532,2,Gd,7,3,2.0,7,1,No Pool,No,214000
569,2132,1983,2009,1496,636,Yes,1496,Yes,612,2,Gd,5,1,2.5,8,2,No Pool,No,316600
570,943,1979,1979,943,0,Yes,943,Yes,600,2,TA,4,2,2.0,5,1,No Pool,No,135960
571,1728,1965,1965,1728,0,Yes,1728,Yes,576,2,TA,10,6,2.0,5,1,No Pool,No,142600
572,864,1959,1959,864,0,Yes,864,Yes,288,1,Gd,4,2,2.0,6,1,No Pool,No,120000
573,1692,2009,2009,846,846,Yes,846,Yes,650,2,Gd,6,3,2.5,7,2,No Pool,No,224500
574,1430,2000,2000,774,656,Yes,384,Yes,400,2,TA,8,3,2.5,7,2,No Pool,No,170000
575,1109,1971,2005,576,533,Yes,372,Yes,288,1,TA,5,3,1.5,5,2,No Pool,No,139000
576,1216,1947,1950,832,384,Yes,832,Yes,336,1,TA,6,2,1.0,5,2,No Pool,No,118500
577,1477,1928,1950,877,600,Yes,861,Yes,216,1,TA,6,3,2.5,7,2,No Pool,No,145000
578,1320,1966,1966,1320,0,Yes,1164,Yes,564,2,TA,6,3,2.0,5,1,No Pool,No,164500
579,1392,2007,2007,703,689,Yes,689,Yes,540,2,Gd,5,2,2.0,7,2,No Pool,No,146000
580,1795,1954,1954,1050,745,Yes,1050,Yes,352,1,TA,7,4,2.0,5,2,No Pool,No,131500
581,1429,1960,1987,1429,0,Yes,1144,Yes,572,2,Gd,7,3,1.5,6,1,No Pool,No,181900
582,2042,2008,2009,2042,0,Yes,2042,Yes,1390,3,Ex,8,3,2.5,8,1,No Pool,No,253293
583,816,1990,1990,816,0,Yes,816,No,0,0,TA,5,3,2.0,6,1,No Pool,No,118500
584,2775,1893,2000,1521,1254,Yes,1237,Yes,880,2,Gd,9,3,3.5,10,2,No Pool,No,325000
585,1573,1935,1995,989,584,Yes,884,Yes,240,1,Gd,6,3,1.0,4,2,No Pool,No,133000
586,2028,2005,2006,2028,0,Yes,1868,Yes,880,3,Gd,7,2,3.0,8,1,No Pool,No,369900
587,838,1918,2000,838,0,Yes,816,Yes,275,1,Fa,5,2,2.0,6,1,No Pool,No,130000
588,860,1982,1982,860,0,Yes,840,Yes,528,2,TA,4,2,2.0,5,1,No Pool,No,137000
589,1473,1968,2003,1473,0,Yes,1437,Yes,452,1,Ex,5,1,3.0,5,1,No Pool,No,143000
590,935,1930,1960,779,0,Yes,742,Yes,308,1,TA,4,2,1.0,5,1,No Pool,No,79500
591,1582,2004,2004,770,812,Yes,770,Yes,520,2,Gd,6,3,2.5,7,2,No Pool,No,185900
592,2296,2008,2008,1728,568,Yes,1722,Yes,842,3,Ex,10,3,3.5,10,2,No Pool,No,451950
593,816,1982,2003,816,0,Yes,816,Yes,816,2,TA,4,2,2.0,5,1,No Pool,No,138000
594,848,2003,2003,848,0,Yes,848,Yes,420,2,Gd,4,1,2.0,6,1,No Pool,No,140000
595,924,1975,1975,924,0,Yes,924,Yes,280,1,TA,5,3,1.0,5,1,No Pool,No,110000
596,1826,2005,2006,1826,0,Yes,1814,Yes,758,3,Gd,7,3,3.0,8,1,No Pool,No,319000
597,1368,1910,1993,684,684,Yes,684,Yes,216,1,TA,7,3,1.0,6,2,No Pool,No,114504
598,1402,2006,2007,1402,0,Yes,1258,Yes,648,3,Gd,7,2,2.0,7,1,No Pool,No,194201
599,1647,1977,1977,1647,0,Yes,1430,Yes,621,2,Gd,7,3,3.0,5,1,No Pool,No,217500
600,1556,1980,1980,716,840,Yes,716,Yes,452,2,TA,6,3,3.5,6,2,No Pool,No,151000
601,1904,2005,2005,1058,846,Yes,1058,Yes,736,2,Ex,8,3,3.5,8,2,No Pool,No,275000
602,1375,1937,1950,780,595,Yes,780,Yes,544,1,Gd,6,3,1.5,6,2,No Pool,No,141000
603,1915,1992,1992,927,988,Yes,908,Yes,506,2,Gd,8,3,3.5,8,2,No Pool,No,220000
604,1200,2004,2005,600,600,Yes,600,Yes,480,2,Gd,4,2,2.5,7,2,No Pool,No,151000
605,1494,2002,2002,1494,0,Yes,1494,Yes,530,2,Gd,6,3,3.0,7,1,No Pool,No,221000
606,1986,1965,1990,1186,800,Yes,768,Yes,486,2,TA,7,3,2.5,7,2,No Pool,No,205000
607,1040,1996,1996,1040,0,Yes,1040,Yes,576,2,Gd,6,3,2.0,5,1,No Pool,No,152000
608,2008,1948,2002,1112,896,Yes,896,Yes,230,1,Ex,8,3,4.0,5,2,No Pool,No,225000
609,3194,1934,1998,1940,1254,Yes,965,Yes,380,2,TA,10,4,2.5,8,2,No Pool,No,359100
610,1029,1961,1961,1029,0,Yes,1029,Yes,261,1,TA,5,3,2.0,4,1,No Pool,No,118500
611,2153,2000,2000,1476,677,Yes,1440,Yes,736,3,Ex,8,3,3.5,9,2,No Pool,No,313000
612,1032,1978,1978,1032,0,Yes,1032,Yes,564,2,TA,6,3,2.5,6,1,No Pool,No,148000
613,1872,2001,2001,1299,573,Yes,1299,Yes,531,2,Ex,7,3,3.5,8,2,No Pool,No,261500
614,1120,2007,2007,1120,0,Yes,1120,No,0,0,TA,6,3,1.0,5,1,No Pool,No,147000
615,630,1972,1972,630,0,Yes,630,No,0,0,TA,3,1,2.0,4,1,No Pool,No,75500
616,1054,1963,1963,1054,0,Yes,936,Yes,480,2,Gd,6,3,2.0,6,1,No Pool,No,137500
617,1509,2002,2003,807,702,Yes,783,Yes,393,2,Gd,7,3,3.5,6,2,No Pool,No,183200
618,832,1954,1954,832,0,Yes,832,Yes,528,2,Gd,4,2,1.0,6,1,No Pool,No,105500
619,1828,2007,2007,1828,0,Yes,1822,Yes,774,3,Gd,9,3,2.0,9,1,No Pool,No,314813
620,2262,2003,2003,1482,780,Yes,1482,Yes,749,3,Gd,10,4,3.5,8,2,No Pool,No,305000
621,864,1914,1950,864,0,Yes,864,No,0,0,TA,5,2,2.0,3,1,No Pool,No,67000
622,2614,1974,1997,1548,1066,Yes,1522,Yes,624,2,TA,9,4,2.5,6,2,No Pool,No,240000
623,980,1977,1977,980,0,Yes,980,Yes,484,2,TA,6,3,1.0,5,1,No Pool,No,135000
624,1512,2000,2000,756,756,Yes,756,Yes,440,2,Gd,4,2,2.5,6,2,No Pool,No,168500
625,1790,1972,1972,1012,778,Yes,732,Yes,484,2,TA,8,4,3.0,6,2,No Pool,No,165150
626,1116,1962,1962,1116,0,Yes,1116,Yes,440,2,TA,5,3,1.5,6,1,No Pool,No,160000
627,1422,1960,1978,1422,0,Yes,978,Yes,286,1,TA,6,3,1.0,5,1,No Pool,No,139900
628,1520,1955,1972,1520,0,Yes,1156,Yes,364,1,TA,7,3,2.0,6,1,No Pool,No,153000
629,2080,1969,1969,1040,1040,Yes,1040,Yes,504,2,Fa,9,5,2.5,5,2,No Pool,No,135000
630,1350,1964,1964,1350,0,Yes,1248,Yes,520,2,TA,6,3,2.5,6,1,No Pool,No,168500
631,1750,1880,1991,1089,661,Yes,636,Yes,240,1,Ex,8,3,1.0,5,2,No Pool,No,124000
632,1554,2006,2006,1554,0,Yes,1554,Yes,627,2,Gd,6,2,2.0,8,1,No Pool,No,209500
633,1411,1977,1977,1411,0,Yes,1386,Yes,544,2,TA,6,3,2.0,7,1,No Pool,No,82500
634,1056,1954,2005,1056,0,Yes,1056,Yes,260,1,TA,6,3,1.5,5,1,No Pool,No,139400
635,1056,1980,1980,1056,0,Yes,1056,Yes,576,2,TA,4,0,2.0,6,1,No Pool,No,144000
636,3395,1914,1995,1440,1440,Yes,1440,No,0,0,Fa,14,8,2.0,6,2,No Pool,No,200000
637,800,1936,1950,800,0,Yes,264,No,0,0,Fa,4,1,1.0,2,1,No Pool,No,60000
638,1387,1954,1954,811,576,Yes,811,Yes,256,1,Gd,7,3,2.0,5,2,No Pool,No,93000
639,796,1910,1950,796,0,Yes,796,No,0,0,TA,4,2,1.0,5,1,No Pool,No,85000
640,1567,2006,2006,1567,0,Yes,1520,Yes,648,3,Ex,7,1,3.0,8,1,No Pool,No,264561
641,1518,2003,2004,1518,0,Yes,1518,Yes,588,2,Ex,6,1,1.5,8,1,No Pool,No,274000
642,1929,2001,2001,1057,872,Yes,1057,Yes,650,2,Gd,7,3,3.5,7,2,No Pool,No,226000
643,2704,1972,1995,2000,704,Yes,1952,Yes,538,2,Ex,9,4,3.5,8,2,No Pool,No,345000
644,1620,1969,1969,780,840,Yes,780,Yes,462,2,TA,7,4,2.5,5,2,No Pool,No,152000
645,1766,2009,2009,1766,0,Yes,1766,Yes,478,3,Ex,7,2,3.5,9,1,No Pool,No,370878
646,981,1971,1971,981,0,Yes,981,Yes,576,2,TA,5,3,2.5,6,1,No Pool,No,143250
647,1048,1950,1950,1048,0,No,0,Yes,420,2,TA,7,3,1.0,5,1,No Pool,No,98300
648,1094,1953,1953,1094,0,Yes,1094,Yes,495,2,TA,5,3,1.0,6,1,No Pool,No,155000
649,1839,1966,1966,1051,788,Yes,756,Yes,442,2,TA,7,4,1.5,6,2,No Pool,No,155000
650,630,1970,1970,630,0,Yes,630,No,0,0,TA,3,1,2.0,4,1,No Pool,No,84500
651,1665,2007,2007,822,843,Yes,813,Yes,562,2,Gd,7,3,2.5,7,2,No Pool,No,205950
652,1510,1940,1950,755,755,Yes,755,Yes,296,1,TA,7,4,2.0,4,2,No Pool,No,108000
653,1716,1996,1996,909,807,Yes,880,Yes,512,2,Gd,7,2,2.5,7,2,No Pool,No,191000
654,1469,1906,1995,756,713,Yes,756,Yes,216,1,TA,7,3,1.0,6,2,No Pool,No,135000
655,2113,1995,1995,2113,0,Yes,2109,Yes,839,3,Gd,7,2,3.5,8,1,No Pool,No,350000
656,1092,1971,1971,525,567,Yes,525,Yes,264,1,TA,6,3,1.5,6,2,No Pool,No,88000
657,1053,1959,2006,1053,0,Yes,1053,Yes,312,1,Gd,5,3,2.5,5,1,No Pool,No,145500
658,1502,1931,2000,851,651,Yes,776,Yes,270,1,TA,6,3,1.5,7,2,No Pool,No,149000
659,1458,1948,1950,912,546,Yes,912,Yes,330,1,TA,6,3,1.5,6,2,No Pool,No,97500
660,1486,1964,1999,1486,0,Yes,1486,Yes,480,2,TA,7,3,2.0,5,1,No Pool,No,167000
661,1935,1976,1976,1142,793,Yes,793,Yes,550,2,TA,7,3,2.5,7,2,No Pool,No,197900
662,2448,1994,2005,1686,762,Yes,1629,Yes,711,3,Gd,8,4,3.5,8,2,No Pool,No,402000
663,1392,1968,1968,1392,0,Yes,1392,Yes,576,2,TA,5,2,2.0,6,1,No Pool,No,110000
664,1181,1972,1972,1181,0,Yes,1138,Yes,588,2,TA,6,3,3.0,4,1,No Pool,No,137500
665,2097,2005,2006,2097,0,Yes,2077,Yes,1134,3,Ex,8,1,2.5,8,1,No Pool,No,423000
666,1936,2000,2000,1454,482,Yes,1406,Yes,504,2,Gd,7,3,2.5,8,2,No Pool,No,230500
667,2380,1965,1979,1465,915,Yes,1021,Yes,596,2,TA,7,3,2.5,6,2,No Pool,No,129000
668,1679,1994,1998,1679,0,Yes,1408,Yes,575,2,Gd,7,3,3.0,6,1,No Pool,No,193500
669,1437,1956,1987,1437,0,Yes,1188,Yes,576,2,TA,6,3,2.5,5,1,No Pool,No,168000
670,1180,1922,1950,1180,0,Yes,700,Yes,252,1,Fa,5,2,1.0,4,1,No Pool,No,137500
671,1476,2005,2005,738,738,Yes,738,Yes,540,2,Gd,7,3,3.5,6,2,No Pool,No,173500
672,1369,1925,1950,697,672,Yes,672,Yes,300,1,TA,6,3,3.0,6,2,No Pool,No,103600
673,1208,1977,1977,1208,0,Yes,1208,Yes,546,2,TA,6,3,2.5,6,1,No Pool,No,165000
674,1839,1957,2004,1839,0,Yes,1477,Yes,416,2,Gd,7,3,3.0,6,1,No Pool,No,257500
675,1136,1965,1965,1136,0,Yes,1136,Yes,384,1,TA,5,3,2.0,6,1,No Pool,No,140000
676,1441,1978,1978,855,586,Yes,855,Yes,440,2,TA,7,3,2.5,6,2,No Pool,No,148500
677,1774,1900,1950,1095,679,Yes,1095,Yes,779,3,TA,8,4,3.0,4,2,No Pool,No,87000
678,792,1924,2006,792,0,Yes,768,Yes,240,1,Gd,5,2,1.0,5,1,No Pool,No,109500
679,2046,2008,2008,2046,0,Yes,2046,Yes,834,3,Gd,7,3,2.5,8,1,No Pool,No,372500
680,988,1961,1961,988,0,Yes,988,Yes,572,2,TA,5,3,2.0,5,1,No Pool,No,128500
681,923,1980,1980,923,0,Yes,923,Yes,264,1,TA,5,2,2.0,6,1,No Pool,No,143000
682,1520,1932,2000,848,672,Yes,793,Yes,281,1,TA,6,3,1.0,5,2,No Pool,No,159434
683,1291,1996,1997,1291,0,Yes,1291,Yes,431,2,Gd,6,2,2.0,6,1,No Pool,No,173000
684,1668,2002,2002,1668,0,Yes,1626,Yes,702,3,Gd,7,3,3.0,9,1,No Pool,No,285000
685,1839,1998,1998,1195,644,Yes,1195,Yes,486,2,TA,7,4,2.5,7,2,No Pool,No,221000
686,2090,1984,1984,1190,900,Yes,1190,Yes,577,2,Gd,6,3,3.0,7,2,No Pool,No,207500
687,1761,2007,2007,874,887,Yes,874,Yes,578,2,Gd,7,3,3.0,7,2,No Pool,No,227875
688,1102,2004,2004,551,551,Yes,551,Yes,480,2,Gd,4,2,2.5,7,2,No Pool,No,148800
689,1419,2007,2007,1419,0,Yes,1419,Yes,567,2,Gd,7,2,3.0,8,1,No Pool,No,392000
690,1362,2005,2006,1362,0,Yes,1362,Yes,460,2,Gd,6,2,2.0,6,1,No Pool,No,194700
691,848,2004,2004,848,0,Yes,848,Yes,420,2,Gd,3,1,2.0,6,1,No Pool,No,141000
692,4316,1994,1995,2444,1872,Yes,2444,Yes,832,3,Ex,10,4,4.0,10,2,No Pool,No,755000
693,2519,1989,1990,1238,1281,Yes,1210,Yes,628,2,Gd,9,4,3.5,7,2,No Pool,No,335000
694,1073,1921,1968,1073,0,Yes,1073,Yes,326,1,TA,4,2,1.0,5,1,No Pool,No,108480
695,1539,1936,1950,1067,472,Yes,927,Yes,576,2,TA,5,3,1.5,5,2,No Pool,No,141500
696,1137,1987,1987,1137,0,Yes,1112,Yes,551,2,Gd,5,2,3.0,6,1,No Pool,No,176000
697,616,1921,1950,616,0,Yes,616,Yes,205,1,TA,4,2,1.0,5,1,No Pool,No,89000
698,1148,1952,1952,1148,0,Yes,980,Yes,308,1,TA,6,2,1.5,5,1,No Pool,No,123500
699,894,1965,2009,894,0,Yes,894,Yes,336,1,TA,5,3,2.0,5,1,No Pool,No,138500
700,1391,2004,2004,1391,0,Yes,1391,Yes,530,2,Gd,5,2,2.0,7,1,No Pool,No,196000
701,1800,2002,2002,1800,0,Yes,1800,Yes,765,3,Gd,7,3,3.0,8,1,No Pool,No,312500
702,1164,1969,1969,1164,0,Yes,1164,Yes,528,2,TA,6,3,1.5,7,1,No Pool,No,140000
703,2576,2006,2006,1264,1312,Yes,1234,Yes,666,3,Ex,10,4,2.5,8,2,No Pool,No,361919
704,1812,1900,1996,1032,780,Yes,360,Yes,672,2,Gd,8,4,2.0,5,2,No Pool,No,140000
705,1484,2004,2005,1484,0,Yes,1473,Yes,606,2,Gd,7,3,3.0,7,1,No Pool,No,213000
706,1092,1930,1950,372,720,No,0,No,0,0,Fa,7,3,2.0,4,2,No Pool,No,55000
707,1824,1971,2002,1824,0,Yes,1643,Yes,739,2,Gd,5,2,3.0,7,1,No Pool,No,302000
708,1324,2006,2006,1324,0,Yes,1324,Yes,550,2,Gd,6,2,3.0,8,1,No Pool,No,254000
709,1456,2007,2007,728,728,Yes,728,Yes,400,2,Gd,8,3,2.5,7,2,No Pool,No,179540
710,904,1966,1966,904,0,Yes,876,Yes,408,1,TA,6,3,1.0,5,1,No Pool,No,109900
711,729,1935,2003,729,0,Yes,270,No,0,0,TA,5,2,1.0,3,1,No Pool,No,52000
712,1178,1900,1950,859,319,Yes,859,Yes,384,1,TA,7,2,1.0,4,2,No Pool,No,102776
713,1228,1988,1989,1228,0,Yes,1228,Yes,472,2,Gd,5,2,3.0,8,1,No Pool,No,189000
714,960,1970,1970,960,0,Yes,960,Yes,576,2,TA,6,3,2.0,4,1,No Pool,No,129000
715,1479,1976,2005,725,754,Yes,725,Yes,475,2,Gd,6,3,2.5,6,2,No Pool,No,130500
716,1350,1974,1974,1350,0,Yes,1064,Yes,478,2,TA,7,3,2.0,6,1,No Pool,No,165000
717,2554,1890,1998,1576,978,Yes,718,Yes,704,2,TA,8,3,1.5,7,2,No Pool,No,159500
718,1178,1973,2000,1178,0,Yes,1176,Yes,439,2,Gd,5,3,2.0,5,1,No Pool,No,157000
719,2418,1993,1994,1325,1093,Yes,1311,Yes,983,3,Gd,9,3,3.5,7,2,No Pool,No,341000
720,971,1969,1969,971,0,Yes,971,Yes,300,1,TA,5,3,1.5,5,1,No Pool,No,128500
721,1742,1985,1985,1742,0,Yes,1742,Yes,564,2,Gd,5,2,3.0,8,1,No Pool,No,275000
722,848,2004,2004,848,0,Yes,848,Yes,420,2,Gd,3,1,2.0,6,1,No Pool,No,143000
723,864,1970,1970,864,0,Yes,864,Yes,463,2,TA,5,3,1.0,4,1,No Pool,No,124500
724,1470,1954,1972,997,473,Yes,941,Yes,548,1,TA,7,4,2.0,4,2,No Pool,No,135000
725,1698,2007,2008,1698,0,Yes,1698,Yes,768,3,Ex,8,3,3.0,9,1,No Pool,No,320000
726,864,1970,1970,864,0,Yes,864,Yes,660,2,Gd,5,3,1.0,4,1,No Pool,No,120500
727,1680,1988,2007,1680,0,Yes,880,Yes,540,2,Gd,5,3,3.0,6,1,No Pool,No,222000
728,1232,2007,2007,1232,0,Yes,1232,Yes,632,2,Gd,6,2,3.0,7,1,No Pool,No,194500
729,1776,1958,1958,1776,0,Yes,1584,Yes,888,3,TA,9,4,3.0,5,1,No Pool,No,110000
730,1208,1925,1950,848,0,Yes,780,Yes,539,2,TA,5,2,1.0,4,1,No Pool,No,103000
731,1616,1995,1996,1616,0,Yes,1595,Yes,608,2,Gd,5,2,3.0,8,1,No Pool,No,236500
732,1146,2003,2003,1146,0,Yes,868,Yes,438,2,Gd,6,3,3.0,7,1,No Pool,No,187500
733,2031,1998,1999,1153,878,Yes,1153,Yes,541,2,Gd,8,3,2.5,7,2,No Pool,No,222500
734,1144,1961,1983,1144,0,Yes,864,Yes,264,1,TA,6,3,2.0,5,1,No Pool,No,131400
735,948,1968,1968,948,0,Yes,948,Yes,300,1,TA,6,3,1.0,5,1,No Pool,No,108000
736,1768,1914,1970,880,888,Yes,880,Yes,320,2,TA,6,2,1.5,7,2,No Pool,No,163000
737,1040,1950,1950,1040,0,No,0,Yes,400,2,TA,6,2,2.0,3,1,No Pool,No,93500
738,1801,2005,2005,901,900,Yes,893,Yes,800,3,Gd,8,3,2.5,8,2,No Pool,No,239900
739,1200,1987,1988,1200,0,Yes,1200,No,0,0,TA,5,3,6.0,5,1,No Pool,No,179000
740,1728,2004,2004,864,864,Yes,864,Yes,572,2,Gd,7,3,2.5,7,2,No Pool,No,190000
741,1432,1910,2002,768,664,Yes,264,Yes,360,2,TA,7,2,2.0,5,2,No Pool,No,132000
742,912,1961,1996,912,0,Yes,912,Yes,288,1,Gd,5,3,2.5,6,1,No Pool,No,142000
743,1349,2000,2001,1349,0,Yes,1349,Yes,539,2,TA,6,3,2.0,7,1,No Pool,No,179000
744,1464,1963,1999,1464,0,Yes,520,Yes,480,2,TA,6,3,2.5,5,1,No Pool,No,175000
745,1337,1993,1993,1337,0,Yes,1337,Yes,462,2,Gd,5,2,3.0,8,1,No Pool,No,180000
746,2715,1976,1996,1175,1540,Yes,1142,Yes,831,2,Gd,11,4,4.0,8,2,No Pool,No,299800
747,2256,2000,2000,980,1276,Yes,952,Yes,554,2,Gd,8,4,2.5,7,2,No Pool,No,236000
748,2640,1880,2003,1320,1320,Yes,1240,Yes,864,4,Gd,8,4,1.5,7,2,No Pool,No,265979
749,1720,1996,1996,1720,0,Yes,1720,Yes,527,2,Gd,7,3,3.0,7,1,No Pool,No,260400
750,1529,1945,1950,1088,441,No,0,Yes,240,1,TA,9,4,2.0,4,2,No Pool,No,98000
751,1140,1910,2004,792,348,Yes,576,No,0,0,TA,7,3,1.0,4,2,No Pool,No,96500
752,1320,2003,2003,660,660,Yes,660,Yes,400,2,Gd,6,3,2.5,7,2,No Pool,No,162000
753,1494,1997,1997,1494,0,Yes,1479,Yes,576,2,Gd,6,3,3.0,6,1,No Pool,No,217000
754,2098,2005,2005,1038,1060,Yes,1030,Yes,878,3,Ex,8,3,2.5,8,2,No Pool,No,275500
755,1026,1969,2005,1026,0,Yes,1026,Yes,440,2,Gd,5,3,2.0,6,1,No Pool,No,156000
756,1471,1999,1999,742,729,Yes,729,Yes,440,2,TA,6,3,2.5,6,2,No Pool,No,172500
757,1768,2007,2007,866,902,Yes,866,Yes,578,2,Gd,7,3,2.5,8,2,No Pool,No,212000
758,1386,1978,1978,672,714,Yes,672,Yes,440,2,TA,6,3,2.5,6,2,No Pool,No,158900
759,1501,1999,1999,757,744,Yes,744,Yes,440,2,TA,6,3,2.5,7,2,No Pool,No,179400
760,2531,1995,1995,1328,1203,Yes,1318,Yes,752,3,Gd,9,4,2.5,8,2,No Pool,No,290000
761,864,1959,1959,864,0,Yes,864,Yes,300,1,TA,5,2,1.0,6,1,No Pool,No,127500
762,1301,1924,1950,1301,0,Yes,1145,Yes,440,2,Fa,5,2,1.0,5,1,No Pool,No,100000
763,1547,2009,2009,764,783,Yes,756,Yes,614,2,Gd,7,3,2.5,7,2,No Pool,No,215200
764,2365,1999,1999,1268,1097,Yes,1252,Yes,856,3,Gd,8,3,3.5,8,2,No Pool,No,337000
765,1494,1995,1996,1494,0,Yes,1494,Yes,481,2,Ex,6,2,2.5,8,1,No Pool,No,270000
766,1506,2008,2008,1506,0,Yes,1498,Yes,592,2,Ex,6,2,2.0,9,1,No Pool,No,264132
767,1714,1988,1988,980,734,Yes,980,Yes,496,2,TA,7,3,2.5,7,2,No Pool,No,196500
768,1750,1940,1985,983,767,Yes,983,Yes,423,1,TA,7,4,3.0,6,2,No Pool,No,160000
769,1836,2004,2005,1836,0,Yes,1860,Yes,484,2,Gd,8,3,2.0,7,1,No Pool,No,216837
770,3279,2003,2003,1690,1589,Yes,1650,Yes,841,3,Ex,12,4,4.5,8,2,No Pool,No,538000
771,858,1982,1982,858,0,Yes,858,Yes,576,2,TA,5,2,2.0,5,1,No Pool,No,134900
772,1220,1951,1951,1220,0,Yes,836,Yes,396,2,TA,6,2,1.0,4,1,No Pool,No,102000
773,1117,1976,1976,1117,0,Yes,1029,Yes,672,2,TA,6,3,2.0,6,1,No Pool,No,107000
774,912,1958,1958,912,0,Yes,912,Yes,275,1,TA,5,2,1.0,5,1,No Pool,No,114500
775,1973,2006,2006,1973,0,Yes,1935,Yes,895,3,Gd,9,3,2.0,8,1,No Pool,No,395000
776,1204,1998,1998,1204,0,Yes,1204,Yes,412,2,TA,5,2,3.0,6,1,No Pool,No,162000
777,1614,2005,2006,1614,0,Yes,1614,Yes,865,3,Gd,7,3,2.0,7,1,No Pool,No,221500
778,894,1974,1974,894,0,Yes,864,Yes,440,2,TA,5,3,2.0,5,1,No Pool,No,142500
779,2020,1977,1977,2020,0,No,0,Yes,630,2,TA,10,4,2.0,5,1,No Pool,No,144000
780,1004,1977,1977,1004,0,Yes,975,Yes,504,2,TA,4,2,2.0,6,1,No Pool,No,135000
781,1253,1995,1996,1253,0,Yes,1237,Yes,402,2,TA,6,3,2.0,7,1,No Pool,No,176000
782,1603,1992,1992,810,793,Yes,761,Yes,484,2,Gd,7,3,2.5,6,2,No Pool,No,175900
783,1430,2001,2002,1430,0,Yes,1413,Yes,605,2,Gd,6,3,2.0,7,1,No Pool,No,187100
784,1110,1978,1978,1110,0,Yes,1097,Yes,602,2,Gd,4,1,2.0,5,1,No Pool,No,165500
785,1484,1914,2001,742,742,Yes,742,No,0,0,TA,9,3,2.0,6,2,No Pool,No,128000
786,1342,1967,1967,1342,0,Yes,1372,Yes,457,2,TA,7,3,2.0,6,1,No Pool,No,161500
787,1652,1915,1950,966,686,Yes,686,Yes,416,1,TA,7,4,3.0,5,2,No Pool,No,139000
788,2084,2004,2004,956,1128,Yes,956,Yes,618,2,Gd,8,4,3.5,7,2,No Pool,No,233000
789,901,1954,2000,901,0,Yes,901,Yes,281,1,TA,4,2,1.0,4,1,No Pool,No,107900
790,2087,1966,2007,976,1111,Yes,832,Yes,444,2,Gd,9,5,2.5,6,2,No Pool,No,187500
791,1145,2005,2006,1145,0,Yes,1145,Yes,397,2,Gd,5,2,2.0,7,1,No Pool,No,160200
792,1062,1976,1976,1062,0,Yes,1029,Yes,539,2,TA,5,3,2.0,6,1,No Pool,No,146800
793,2013,1996,1997,1127,886,Yes,1117,Yes,455,2,TA,8,3,3.5,7,2,No Pool,No,269790
794,1496,2007,2007,1496,0,Yes,1496,Yes,474,2,Gd,7,3,2.0,8,1,No Pool,No,225000
795,1895,1994,1996,1086,809,Yes,712,Yes,409,2,Gd,7,3,2.5,7,2,No Pool,No,194500
796,1564,1980,1981,888,676,Yes,650,Yes,476,2,TA,7,3,2.5,6,2,No Pool,No,171000
797,1285,1977,1977,1285,0,Yes,660,Yes,528,2,TA,7,3,1.5,6,1,No Pool,No,143500
798,773,1953,1953,773,0,Yes,773,Yes,240,1,TA,4,2,1.0,5,1,No Pool,No,110000
799,3140,2008,2009,1966,1174,Yes,1926,Yes,820,3,Ex,11,4,3.5,9,2,No Pool,No,485000
800,1768,1937,1950,981,787,Yes,731,Yes,240,1,Gd,7,3,2.5,5,2,No Pool,No,175000
801,1688,1997,1997,616,1072,Yes,616,Yes,603,2,Gd,8,4,3.5,6,2,No Pool,No,200000
802,1196,1916,1990,1196,0,Yes,1196,Yes,440,2,TA,5,2,2.0,4,1,No Pool,No,109900
803,1456,2005,2005,728,728,Yes,728,Yes,410,2,Gd,7,3,3.5,7,2,No Pool,No,189000
804,2822,2008,2009,1734,1088,Yes,1734,Yes,1020,3,Ex,12,4,3.5,9,2,No Pool,No,582933
805,1128,1954,1954,1128,0,Yes,936,Yes,286,1,TA,5,2,1.0,5,1,No Pool,No,118000
806,1428,2008,2008,1428,0,Yes,1417,Yes,554,2,Ex,6,3,2.0,7,1,No Pool,No,227680
807,980,1967,1967,980,0,Yes,980,Yes,384,1,TA,6,3,2.0,5,1,No Pool,No,135500
808,1576,1923,2004,1072,504,Yes,1324,Yes,528,2,Gd,6,3,3.5,5,2,No Pool,No,223500
809,1086,1966,1966,1086,0,Yes,1024,Yes,484,2,TA,6,3,2.0,5,1,No Pool,No,159950
810,2138,1898,1965,1075,1063,Yes,849,Yes,360,2,TA,11,2,2.0,5,2,No Pool,No,106000
811,1309,1974,1999,1309,0,Yes,1040,Yes,484,2,Gd,5,3,2.5,6,1,Fa,Yes,181000
812,848,2004,2004,848,0,Yes,848,Yes,420,2,Gd,4,1,2.0,6,1,No Pool,No,144500
813,1044,1952,1952,1044,0,Yes,540,Yes,504,2,Fa,4,2,1.0,5,1,No Pool,No,55993
814,1442,1958,1958,1442,0,Yes,1442,Yes,301,1,TA,7,4,1.5,6,1,No Pool,No,157900
815,1250,1918,1950,686,564,Yes,686,Yes,280,1,Fa,7,3,2.0,5,2,No Pool,No,116000
816,1661,1998,1998,1661,0,Yes,1649,Yes,598,2,Gd,6,3,2.0,7,1,No Pool,No,224900
817,1008,1954,1954,1008,0,Yes,1008,Yes,275,1,TA,4,2,1.0,5,1,No Pool,No,137000
818,1689,2002,2002,1689,0,Yes,1568,Yes,857,3,Gd,7,3,3.0,8,1,No Pool,No,271000
819,1052,1971,1971,1052,0,Yes,1010,Yes,440,2,TA,6,3,2.0,6,1,No Pool,No,155000
820,1358,2009,2010,1358,0,Yes,1358,Yes,484,2,Gd,6,2,3.0,7,1,No Pool,No,224000
821,1640,2003,2003,798,842,Yes,798,Yes,595,2,Gd,6,3,2.5,7,2,No Pool,No,183000
822,936,1953,1953,936,0,Yes,936,Yes,576,2,TA,4,2,1.0,4,1,No Pool,No,93000
823,1733,2003,2003,847,886,Yes,847,Yes,433,2,Gd,7,3,2.5,7,2,No Pool,No,225000
824,1489,1940,1950,944,545,Yes,778,Yes,240,1,TA,7,3,2.0,6,2,No Pool,No,139500
825,1489,2006,2006,1489,0,Yes,1489,Yes,776,2,Gd,7,3,2.0,8,1,No Pool,No,232600
826,2084,2007,2008,2084,0,Yes,2078,Yes,1220,3,Ex,7,2,3.0,10,1,No Pool,No,385000
827,784,1924,1950,784,0,Yes,784,No,0,0,Gd,5,2,2.0,5,1,No Pool,No,109500
828,1434,2001,2001,1434,0,Yes,1454,Yes,527,2,Gd,6,3,2.0,7,1,No Pool,No,189000
829,2126,1967,1967,1160,966,Yes,1013,Yes,538,2,TA,7,3,3.0,5,2,No Pool,No,185000
830,1223,2005,2005,520,623,Yes,600,Yes,480,2,Gd,4,2,2.5,7,2,No Pool,No,147400
831,1392,1957,1957,1392,0,Yes,1392,Yes,458,2,TA,6,3,2.5,6,1,No Pool,No,166000
832,1200,2005,2005,520,600,Yes,600,Yes,480,2,Gd,4,2,2.5,7,2,No Pool,No,151000
833,1829,2003,2003,941,888,Yes,941,Yes,613,2,Gd,7,3,3.5,7,2,No Pool,No,237000
834,1516,1964,1964,1516,0,Yes,1516,Yes,472,2,TA,6,3,1.5,6,1,No Pool,No,167000
835,1144,1961,1961,1144,0,Yes,1144,Yes,456,2,TA,6,3,2.0,5,1,No Pool,No,139950
836,1067,1950,1995,1067,0,Yes,1067,Yes,436,2,Gd,4,2,2.0,4,1,No Pool,No,128000
837,1559,1948,1973,1559,0,Yes,1559,Yes,812,2,TA,5,2,2.0,5,1,No Pool,No,153500
838,987,1973,1973,483,504,Yes,483,Yes,264,1,TA,5,2,2.5,6,2,No Pool,No,100000
839,1099,1995,2006,1099,0,Yes,1099,Yes,352,1,Gd,6,3,1.5,5,1,No Pool,No,144000
840,1200,1946,1995,768,432,Yes,768,Yes,240,1,TA,6,3,1.0,5,2,No Pool,No,130500
841,1482,1925,1950,810,672,Yes,672,Yes,400,1,Fa,7,4,2.0,6,2,No Pool,No,140000
842,1539,1904,2002,958,581,Yes,650,Yes,686,2,Gd,8,3,2.0,5,2,No Pool,No,157500
843,1165,1966,1966,1165,0,Yes,1127,Yes,490,2,TA,6,3,2.5,6,1,No Pool,No,174900
844,1800,1961,1961,1800,0,Yes,1800,No,0,0,TA,10,6,2.0,5,1,No Pool,No,141000
845,1416,1915,1950,876,540,Yes,876,Yes,720,3,TA,7,4,1.5,5,2,No Pool,No,153900
846,1701,1975,1981,1701,0,Yes,1390,Yes,611,2,TA,6,3,3.0,5,1,No Pool,No,171000
847,1775,1993,1993,1006,769,Yes,740,Yes,425,2,Gd,7,3,3.5,7,2,No Pool,No,213000
848,864,1972,1972,864,0,Yes,864,Yes,338,1,TA,5,3,2.0,5,1,No Pool,No,133500
849,2358,1908,1997,1307,1051,Yes,907,Yes,360,2,TA,10,5,3.0,6,2,No Pool,No,240000
850,1855,1976,1994,1094,761,Yes,528,Yes,512,2,TA,7,3,2.5,6,2,No Pool,No,187000
851,848,2003,2003,848,0,Yes,848,Yes,420,2,Gd,3,1,2.0,6,1,No Pool,No,131500
852,1456,2003,2003,1456,0,Yes,1273,Yes,400,2,Gd,7,2,2.0,8,1,No Pool,No,215000
853,1646,1941,1950,918,728,Yes,918,Yes,240,1,TA,7,4,2.0,7,2,No Pool,No,164000
854,1445,1964,1964,1445,0,Yes,1127,Yes,645,2,TA,7,3,1.5,6,1,No Pool,No,158000
855,1779,1955,1974,1779,0,Yes,1763,Yes,454,2,TA,6,3,2.5,5,1,No Pool,No,170000
856,1040,1962,2010,1040,0,Yes,1040,Yes,260,1,TA,6,3,2.5,5,1,No Pool,No,127000
857,1026,1978,1978,1026,0,Yes,940,Yes,576,2,TA,5,3,2.0,6,1,No Pool,No,147000
858,1481,1994,1995,702,779,Yes,702,Yes,343,2,TA,6,3,2.5,6,2,No Pool,No,174000
859,1370,1976,1976,1370,0,Yes,1090,Yes,479,2,TA,6,3,2.0,7,1,No Pool,No,152000
860,2654,1968,1984,1512,1142,Yes,1054,Yes,619,2,Gd,9,4,3.5,6,2,No Pool,No,250000
861,1426,1918,1998,912,514,Yes,912,Yes,216,1,Gd,7,3,1.5,7,2,No Pool,No,189950
862,1039,1965,1965,1039,0,Yes,1039,Yes,504,2,TA,6,3,2.5,5,1,No Pool,No,131500
863,1097,1984,1985,1097,0,Yes,1040,Yes,480,2,TA,6,3,2.0,6,1,No Pool,No,152000
864,1148,1959,1959,1148,0,Yes,1148,Yes,672,1,TA,6,3,2.0,5,1,No Pool,No,132500
865,1372,2007,2008,1372,0,Yes,1372,Yes,529,2,Gd,6,3,2.0,7,1,No Pool,No,250580
866,1002,1970,1970,1002,0,Yes,1002,Yes,902,2,TA,5,3,2.0,5,1,No Pool,No,148500
867,1646,2006,2007,1646,0,Yes,1638,Yes,870,3,Gd,6,3,2.0,8,1,No Pool,No,248900
868,1120,1961,1961,1120,0,Yes,1040,Yes,544,2,Fa,5,3,2.5,4,1,No Pool,No,129000
869,2320,1948,1950,1547,720,No,0,Yes,672,2,TA,7,2,2.0,5,2,No Pool,No,169000
870,1949,1993,1994,1062,887,Yes,1050,Yes,574,2,Gd,8,3,3.5,7,2,No Pool,No,236000
871,894,1962,1962,894,0,Yes,894,Yes,308,1,TA,5,2,1.0,5,1,No Pool,No,109500
872,1682,1998,1998,804,878,Yes,804,Yes,523,2,Gd,7,3,2.5,6,2,No Pool,No,200500
873,910,1953,1996,910,0,Yes,105,Yes,414,2,Gd,5,3,1.0,5,1,No Pool,No,116000
874,1268,1949,1950,1036,0,Yes,832,Yes,288,1,TA,6,3,1.0,5,1,No Pool,No,133000
875,1131,1941,1950,676,455,Yes,676,Yes,200,1,TA,5,3,1.5,5,2,No Pool,No,66500
876,2610,2007,2007,1184,1426,Yes,1184,Yes,550,2,Ex,11,4,2.5,8,2,No Pool,No,303477
877,1040,1963,1963,1040,0,Yes,1064,Yes,648,2,TA,5,3,2.0,4,1,No Pool,No,132250
878,2224,2004,2005,1462,762,Yes,1462,Yes,738,3,Ex,10,4,3.5,9,2,No Pool,No,350000
879,1155,1961,1995,1155,0,Yes,1109,Yes,576,2,Gd,6,3,2.0,5,1,No Pool,No,148000
880,864,1978,2005,864,0,Yes,864,Yes,336,1,TA,6,3,2.0,5,1,No Pool,No,136500
881,1090,2005,2006,1090,0,Yes,1090,Yes,450,2,TA,5,2,2.5,5,1,No Pool,No,157000
882,1717,1990,1991,1187,530,Yes,1156,Yes,400,2,Gd,7,3,2.5,7,2,No Pool,No,187500
883,1593,1992,1993,808,785,Yes,808,Yes,389,2,TA,7,3,2.5,6,2,No Pool,No,178000
884,2230,1912,1950,954,795,Yes,795,Yes,440,1,TA,10,5,2.0,4,2,No Pool,No,118500
885,892,1967,1967,892,0,Yes,892,Yes,288,1,TA,5,3,1.0,5,1,No Pool,No,100000
886,1709,1999,2000,1709,0,Yes,1698,Yes,506,2,Gd,5,2,3.0,9,1,No Pool,No,328900
887,1712,1959,2005,1712,0,Yes,1626,Yes,588,2,TA,8,4,2.0,5,1,No Pool,No,145000
888,1393,1955,1955,872,521,Yes,816,Yes,300,1,TA,8,3,1.5,5,2,No Pool,No,135500
889,2217,1970,1970,2217,0,Yes,2217,Yes,621,2,Gd,8,4,3.0,8,1,No Pool,No,268000
890,1505,1953,1953,1505,0,Yes,1505,Yes,505,2,TA,6,2,2.0,6,1,No Pool,No,149500
891,924,1949,2006,672,252,Yes,672,Yes,576,2,TA,6,3,1.0,5,2,No Pool,No,122900
892,1683,1978,1978,918,765,Yes,918,Yes,440,2,TA,7,3,2.5,6,2,No Pool,No,172500
893,1068,1963,2003,1068,0,Yes,1059,Yes,264,1,TA,6,3,1.5,6,1,No Pool,No,154500
894,1383,1954,1954,1383,0,Yes,1383,Yes,354,1,TA,6,3,2.0,5,1,No Pool,No,165000
895,1535,1979,1979,1535,0,No,0,Yes,400,2,TA,8,4,2.0,5,1,No Pool,No,118858
896,1796,1963,1963,983,813,Yes,780,Yes,483,2,TA,8,4,2.5,6,2,No Pool,No,140000
897,951,1936,1950,951,0,Yes,951,Yes,327,1,TA,6,2,1.0,4,1,No Pool,No,106500
898,2240,1979,1979,1120,1120,No,0,Yes,528,2,TA,12,6,2.0,5,2,No Pool,No,142953
899,2364,2009,2010,2364,0,Yes,2330,Yes,820,3,Ex,11,2,3.5,9,1,No Pool,No,611657
900,1236,1961,1994,1236,0,Yes,912,Yes,288,1,TA,6,3,1.0,5,1,No Pool,No,135000
901,858,1971,1971,858,0,Yes,858,Yes,684,1,TA,4,2,1.0,4,1,No Pool,No,110000
902,1306,1957,2000,1306,0,Yes,992,Yes,756,1,TA,5,2,2.0,5,1,No Pool,No,153000
903,1509,2003,2003,807,702,Yes,783,Yes,393,2,Gd,8,3,2.5,7,2,No Pool,No,180000
904,1670,2006,2006,1670,0,Yes,1670,Yes,690,3,Gd,7,3,2.0,7,1,No Pool,No,240000
905,902,1967,1967,902,0,Yes,876,Yes,288,1,TA,6,3,1.0,5,1,No Pool,No,125500
906,1063,1954,1954,1063,0,Yes,1056,Yes,280,1,TA,6,3,2.0,5,1,No Pool,No,128000
907,1636,2006,2006,1636,0,Yes,1623,Yes,865,3,Gd,8,3,3.0,8,1,No Pool,No,255000
908,2057,1936,1987,1020,1037,Yes,1017,Yes,180,1,Gd,6,3,1.5,7,2,No Pool,No,250000
909,902,1983,1983,902,0,Yes,864,Yes,484,2,TA,5,2,2.0,5,1,No Pool,No,131000
910,1484,2005,2005,742,742,Yes,742,Yes,390,2,Gd,8,3,2.5,6,2,No Pool,No,174000
911,2274,1960,1960,1105,1169,Yes,1105,Yes,480,2,TA,12,5,2.0,5,2,No Pool,No,154300
912,1268,1977,1989,1268,0,Yes,1268,Yes,252,1,Gd,5,3,1.5,5,1,No Pool,No,143500
913,1015,1925,1950,1015,0,Yes,768,Yes,450,1,TA,6,3,1.0,5,1,No Pool,No,88000
914,2002,1949,1950,1001,1001,Yes,1001,Yes,871,3,TA,8,4,2.0,5,2,No Pool,No,145000
915,1224,2009,2009,612,612,Yes,612,Yes,528,2,Gd,4,2,2.5,6,2,No Pool,No,173733
916,1092,1970,1970,546,546,Yes,546,Yes,286,1,TA,6,3,1.5,4,2,No Pool,No,75000
917,480,1949,1950,480,0,Yes,480,Yes,308,1,TA,4,1,1.0,2,1,No Pool,No,35311
918,1229,1956,1956,1229,0,Yes,1134,Yes,284,1,TA,6,3,1.0,4,1,No Pool,No,135000
919,2127,1991,1991,912,1215,Yes,1104,Yes,833,3,Gd,8,4,3.5,7,2,No Pool,No,238000
920,1414,1958,2002,1414,0,Yes,1184,Yes,601,2,TA,6,3,2.0,6,1,No Pool,No,176500
921,1721,1994,1994,936,785,Yes,928,Yes,471,2,Gd,7,3,3.0,6,2,No Pool,No,201000
922,2200,1900,2003,1272,928,Yes,1272,No,0,0,TA,9,4,5.0,5,2,No Pool,No,145900
923,1316,2005,2006,1316,0,Yes,1316,Yes,397,2,Gd,6,3,2.0,6,1,No Pool,No,169990
924,1617,1993,1994,1617,0,Yes,1604,Yes,533,2,Gd,5,2,3.0,6,1,No Pool,No,193000
925,1686,1980,1980,1686,0,Yes,1686,Yes,612,2,TA,7,3,3.0,6,1,No Pool,No,207500
926,1126,1977,1977,1126,0,Yes,1126,Yes,540,2,Ex,6,3,2.5,5,1,No Pool,No,175000
927,2374,2003,2004,1234,1140,Yes,1181,Yes,656,3,Ex,10,4,2.5,8,2,No Pool,No,285000
928,1978,1968,1968,1098,880,Yes,832,Yes,486,2,TA,9,4,2.5,7,2,No Pool,No,176000
929,1788,2001,2001,1788,0,Yes,1753,Yes,522,2,Ex,7,3,2.0,8,1,No Pool,No,236500
930,2236,1997,1997,993,1243,Yes,964,Yes,642,2,Gd,8,4,2.5,7,2,No Pool,No,222000
931,1466,2007,2007,1466,0,Yes,1466,Yes,610,3,Gd,7,3,2.0,8,1,No Pool,No,201000
932,925,1965,1965,925,0,Yes,925,Yes,429,1,TA,5,2,1.5,5,1,No Pool,No,117500
933,1905,2006,2006,1905,0,Yes,1905,Yes,788,3,Ex,8,3,2.0,9,1,No Pool,No,320000
934,1500,2004,2004,1500,0,Yes,1500,Yes,570,2,Gd,6,3,2.0,7,1,No Pool,No,190000
935,2069,1960,2007,2069,0,Yes,585,Yes,505,2,Gd,9,4,3.0,7,1,No Pool,No,242000
936,747,1926,1953,747,0,Yes,600,Yes,528,2,TA,5,1,1.0,4,1,No Pool,No,79900
937,1200,2003,2003,1200,0,Yes,1176,Yes,555,2,Gd,5,2,3.0,7,1,No Pool,No,184900
938,1971,2005,2005,1113,858,Yes,1113,Yes,689,2,Gd,8,3,2.5,7,2,No Pool,No,253000
939,1962,2006,2006,1391,571,Yes,1391,Yes,868,3,Gd,7,3,2.5,7,2,No Pool,No,239799
940,2403,1940,1950,1207,1196,Yes,1032,Yes,349,1,TA,10,4,2.0,7,2,No Pool,No,244400
941,1728,1976,1976,1728,0,Yes,1728,Yes,574,2,TA,8,4,2.0,6,1,No Pool,No,150900
942,2060,1999,1999,1022,1038,Yes,992,Yes,390,2,Gd,8,3,3.5,7,2,No Pool,No,214000
943,1440,1977,1977,1440,0,Yes,1440,No,0,0,TA,8,4,4.0,4,1,No Pool,No,150000
944,1632,1967,1967,1632,0,Yes,1632,Yes,576,2,TA,8,4,2.0,5,1,No Pool,No,143000
945,1344,1958,1958,1344,0,Yes,819,Yes,525,2,Gd,7,3,1.5,6,1,No Pool,No,137500
946,1869,1890,1996,1188,561,Yes,1088,Yes,456,2,TA,7,2,1.0,5,2,No Pool,No,124900
947,1144,1959,1959,1144,0,Yes,1144,Yes,796,1,TA,6,3,2.0,5,1,No Pool,No,143000
948,1629,2002,2003,1629,0,Yes,1616,Yes,808,3,Gd,9,3,3.0,8,1,No Pool,No,270000
949,1776,2002,2002,936,840,Yes,936,Yes,474,2,Gd,7,3,2.5,7,2,No Pool,No,192500
950,1381,1972,2006,1381,0,Yes,1161,Yes,676,2,Gd,5,3,2.5,6,1,No Pool,No,197500
951,864,1950,2002,864,0,Yes,864,Yes,720,2,Gd,5,3,2.0,5,1,No Pool,No,129000
952,965,1965,1965,965,0,Yes,828,Yes,300,1,TA,6,3,2.0,5,1,No Pool,No,119900
953,768,1972,2003,768,0,Yes,768,Yes,396,1,TA,5,2,1.5,5,1,No Pool,No,133900
954,1968,1969,1969,1168,800,Yes,784,Yes,530,2,TA,7,4,3.0,5,2,No Pool,No,172000
955,980,1975,1975,980,0,Yes,945,No,0,0,TA,4,4,3.0,6,1,No Pool,No,127500
956,1958,1946,1950,979,979,Yes,979,Yes,492,2,TA,8,4,2.0,6,2,No Pool,No,145000
957,1229,1980,1980,561,668,Yes,561,Yes,462,2,TA,5,2,1.5,6,2,No Pool,No,124000
958,1057,1962,1962,1057,0,Yes,1057,Yes,576,2,TA,6,3,1.0,5,1,No Pool,No,132000
959,1337,2003,2003,1337,0,Yes,1337,Yes,531,2,Gd,6,3,3.0,7,1,No Pool,No,185000
960,1416,1999,1999,696,720,Yes,696,Yes,484,2,Gd,6,3,3.5,7,2,No Pool,No,155000
961,858,1958,2008,858,0,Yes,858,No,0,0,TA,4,2,2.0,5,1,No Pool,No,116500
962,2872,1977,1995,1542,1330,Yes,1330,Yes,619,2,TA,11,4,3.5,6,2,No Pool,No,272000
963,1548,1976,1976,804,744,Yes,804,Yes,440,2,Gd,7,3,3.5,6,2,No Pool,No,155000
964,1800,2007,2007,1800,0,Yes,1800,Yes,702,2,Ex,7,2,2.0,9,1,No Pool,No,239000
965,1894,2002,2003,824,1070,Yes,817,Yes,510,2,Gd,8,4,3.5,7,2,No Pool,No,214900
966,1484,2005,2007,783,701,Yes,783,Yes,393,2,Gd,8,3,2.5,6,2,No Pool,No,178900
967,1308,1940,1950,976,332,Yes,728,Yes,256,1,TA,7,2,2.5,5,2,No Pool,No,160000
968,1098,1955,1955,1098,0,Yes,1098,Yes,260,1,TA,6,3,2.0,5,1,No Pool,No,135000
969,968,1910,1950,600,368,Yes,600,No,0,0,TA,6,2,1.0,3,2,No Pool,No,37900
970,1095,1958,1958,1095,0,Yes,588,Yes,264,1,TA,6,2,2.0,6,1,No Pool,No,140000
971,1192,1949,1950,720,472,Yes,720,No,0,0,TA,6,4,1.5,4,2,No Pool,No,135000
972,1626,2003,2004,764,862,Yes,764,Yes,474,2,Gd,6,2,2.0,7,2,No Pool,No,173000
973,918,1979,1979,918,0,Yes,918,Yes,264,1,TA,5,2,2.0,6,1,No Pool,No,99500
974,1428,2007,2008,1428,0,Yes,1428,Yes,480,2,Gd,6,3,2.0,7,1,No Pool,No,182000
975,2019,1910,1993,1136,883,Yes,728,Yes,532,2,Gd,8,3,1.0,7,2,No Pool,No,167500
976,1382,2000,2000,673,709,Yes,673,Yes,490,2,Gd,6,3,3.5,7,2,No Pool,No,165000
977,869,1923,1958,869,0,Yes,440,No,0,0,Fa,4,2,1.0,4,1,No Pool,No,85500
978,1241,2006,2007,1241,0,Yes,1241,Yes,569,2,Gd,4,1,2.5,7,1,No Pool,No,199900
979,894,1954,1954,894,0,Yes,894,Yes,400,2,TA,5,3,1.0,4,1,No Pool,No,110000
980,1121,1963,1963,1121,0,Yes,1121,Yes,480,2,TA,5,3,2.0,5,1,No Pool,No,139000
981,999,1961,2007,999,0,Yes,944,Yes,588,2,Ex,6,3,2.0,7,1,No Pool,No,178400
982,2612,1998,1999,1276,1336,Yes,1225,Yes,676,3,Gd,8,4,3.5,8,2,No Pool,No,336000
983,1266,2007,2007,1266,0,Yes,1266,Yes,388,2,Gd,6,2,2.0,7,1,No Pool,No,159895
984,2290,2002,2002,1149,1141,Yes,1128,Yes,779,2,Gd,9,4,2.5,8,2,No Pool,No,255900
985,1734,1977,1977,1302,432,No,0,Yes,539,2,Gd,8,4,2.0,5,2,No Pool,No,126000
986,1164,1950,1950,1164,0,Yes,1164,Yes,240,1,TA,5,3,2.0,5,1,No Pool,No,125000
987,1635,1910,2003,1001,634,Yes,485,Yes,255,1,Gd,5,2,1.0,6,2,No Pool,No,117000
988,1940,2009,2010,1940,0,Yes,1930,Yes,606,3,Ex,8,3,3.5,9,1,No Pool,No,395192
989,2030,1976,1976,1118,912,Yes,848,Yes,551,2,Gd,8,4,2.5,6,2,No Pool,No,195000
990,1576,2006,2006,778,798,Yes,770,Yes,614,2,Gd,6,3,2.5,7,2,No Pool,No,197000
991,2392,1997,1998,1407,985,Yes,1396,Yes,870,3,Gd,7,3,3.5,8,2,No Pool,No,348000
992,1742,1882,1986,916,826,Yes,916,Yes,424,2,Gd,8,4,1.5,8,2,No Pool,No,168000
993,1851,1964,1993,1020,831,Yes,822,Yes,440,2,Gd,7,3,2.5,6,2,No Pool,No,187000
994,1500,2005,2006,750,750,Yes,750,Yes,564,2,Gd,6,3,2.5,6,2,No Pool,No,173900
995,1718,2006,2007,1718,0,Yes,1700,Yes,786,3,Ex,7,3,3.0,10,1,No Pool,No,337500
996,1230,1946,1950,774,456,Yes,747,Yes,305,1,TA,5,3,2.5,4,2,No Pool,No,121600
997,1050,1961,1961,1050,0,Yes,1050,Yes,368,1,TA,6,3,2.0,5,1,No Pool,No,136500
998,1442,1970,1970,1442,0,Yes,1442,Yes,615,2,TA,6,2,2.0,6,1,No Pool,No,185000
999,1077,1922,1950,1077,0,Yes,1007,Yes,210,1,TA,6,3,1.0,3,1,No Pool,No,91000
1000,1208,2006,2006,1208,0,Yes,1187,Yes,632,2,Gd,6,2,3.0,7,1,No Pool,No,206000
1001,944,1952,1952,944,0,No,0,Yes,528,2,Fa,4,2,1.0,3,1,No Pool,No,82000
1002,691,1920,1950,691,0,Yes,691,Yes,216,1,Ex,4,2,1.0,5,1,No Pool,No,86000
1003,1574,2006,2006,1574,0,Yes,1574,Yes,824,3,Gd,7,3,2.0,8,1,No Pool,No,232000
1004,1680,1976,1976,1680,0,Yes,1680,Yes,528,2,TA,8,4,2.0,5,1,No Pool,No,136905
1005,1504,2005,2006,1504,0,Yes,1346,Yes,457,2,Gd,7,1,2.0,7,1,No Pool,No,181000
1006,985,1977,1977,985,0,Yes,985,Yes,328,1,TA,6,3,2.0,5,1,No Pool,No,149900
1007,1657,1970,1970,1657,0,Yes,1657,Yes,484,2,TA,7,3,2.5,6,1,No Pool,No,163500
1008,1092,1970,1970,546,546,Yes,546,Yes,286,1,TA,6,3,1.5,4,2,No Pool,No,88000
1009,1710,2004,2005,1710,0,Yes,1710,Yes,550,2,Gd,7,3,2.0,7,1,No Pool,No,240000
1010,1522,1926,1950,1008,0,Yes,1008,No,0,0,TA,7,4,2.0,5,1,No Pool,No,102000
1011,1271,1948,1950,720,551,Yes,720,Yes,312,1,TA,7,4,2.0,5,2,No Pool,No,135000
1012,1664,1965,1965,1664,0,No,0,No,0,0,TA,8,4,2.0,5,1,No Pool,No,100000
1013,1502,1923,1996,900,602,Yes,602,Yes,180,1,Gd,7,3,1.5,6,2,No Pool,No,165000
1014,1022,1910,2006,1022,0,Yes,1022,Yes,280,1,TA,4,2,2.0,5,1,No Pool,No,85000
1015,1082,1948,1950,1082,0,Yes,1082,Yes,240,1,TA,5,2,1.0,6,1,No Pool,No,119200
1016,1665,2001,2001,810,855,Yes,810,Yes,528,2,Gd,6,3,3.5,8,2,No Pool,No,227000
1017,1504,1996,1996,1504,0,Yes,1504,Yes,478,2,Gd,6,3,3.0,7,1,No Pool,No,203000
1018,1360,1984,1984,1360,0,Yes,1220,Yes,565,2,Gd,4,1,2.0,8,1,No Pool,No,187500
1019,1472,1991,1992,802,670,Yes,384,Yes,402,2,Gd,7,3,2.5,7,2,No Pool,No,160000
1020,1506,2005,2005,1506,0,Yes,1362,Yes,440,2,Gd,6,2,2.0,7,1,No Pool,No,213490
1021,1132,2005,2005,1132,0,Yes,1132,Yes,451,2,Gd,5,2,2.5,4,1,No Pool,No,176000
1022,1220,2006,2006,1220,0,Yes,1199,Yes,632,2,Gd,6,2,3.0,7,1,No Pool,No,194000
1023,1248,1930,1950,912,336,Yes,912,Yes,160,1,TA,6,2,1.0,5,2,No Pool,No,87000
1024,1504,2005,2006,1504,0,Yes,1346,Yes,437,2,Gd,7,2,2.0,7,1,No Pool,No,191000
1025,2898,1976,1976,2898,0,Yes,1565,Yes,665,2,Gd,10,2,3.0,8,1,No Pool,No,287000
1026,882,1972,1972,882,0,Yes,882,Yes,461,2,TA,5,3,2.0,5,1,No Pool,No,112500
1027,1264,1960,1960,1264,0,Yes,1268,Yes,461,2,TA,6,3,2.0,5,1,No Pool,No,167500
1028,1646,2007,2008,1646,0,Yes,1638,Yes,800,3,Gd,7,3,3.0,8,1,No Pool,No,293077
1029,1376,1941,1950,968,408,Yes,768,Yes,240,1,TA,6,3,2.0,5,2,No Pool,No,105000
1030,1218,1972,1972,672,546,Yes,672,Yes,264,1,TA,7,3,2.0,6,2,No Pool,No,118000
1031,1928,1916,1995,948,980,Yes,686,No,0,0,TA,10,5,2.0,5,2,No Pool,No,160000
1032,3082,1920,1970,1687,998,Yes,824,Yes,672,2,TA,12,5,3.5,7,2,No Pool,No,197000
1033,2520,1993,1993,1352,1168,Yes,1338,Yes,796,3,Gd,10,5,3.5,8,2,No Pool,No,310000
1034,1654,2002,2002,1654,0,Yes,1654,Yes,900,3,Gd,6,3,3.0,7,1,No Pool,No,230000
1035,954,1938,1950,954,0,Yes,920,Yes,240,1,Fa,5,2,1.0,5,1,No Pool,No,119750
1036,845,1957,1957,845,0,No,0,Yes,290,1,TA,5,3,1.0,4,1,No Pool,No,84000
1037,1620,2007,2008,1620,0,Yes,1620,Yes,912,3,Ex,6,2,3.0,9,1,No Pool,No,315500
1038,2263,2001,2002,1055,1208,Yes,1055,Yes,905,2,Gd,7,3,2.5,8,2,No Pool,No,287000
1039,1344,1970,2008,798,546,Yes,546,No,0,0,TA,6,3,1.5,4,2,No Pool,No,97000
1040,630,1970,1970,630,0,Yes,630,Yes,286,1,TA,3,1,2.0,4,1,No Pool,No,80000
1041,1803,1957,2000,1803,0,Yes,1134,Yes,484,2,TA,8,3,3.0,5,1,No Pool,No,155000
1042,1632,1966,2000,800,832,Yes,800,Yes,484,2,Gd,7,4,2.0,6,2,No Pool,No,173000
1043,1306,2005,2005,1306,0,Yes,1306,Yes,624,2,Gd,5,1,3.0,6,1,No Pool,No,196000
1044,2329,1990,1990,1532,797,Yes,1475,Yes,514,2,Gd,10,4,3.5,7,2,No Pool,No,262280
1045,2524,1981,1981,2524,0,Yes,2524,Yes,542,2,Gd,9,4,3.5,8,1,No Pool,No,278000
1046,1733,1955,1955,1733,0,No,0,Yes,452,2,TA,8,4,2.0,3,1,No Pool,No,139600
1047,2868,2005,2006,1992,876,Yes,1992,Yes,716,3,Ex,11,4,3.5,9,2,No Pool,No,556581
1048,990,1994,1995,990,0,Yes,990,Yes,672,2,TA,5,3,1.5,5,1,No Pool,No,145000
1049,1771,1960,2006,1771,0,No,0,Yes,336,2,TA,9,3,1.0,5,1,No Pool,No,115000
1050,930,1946,2006,930,0,No,0,Yes,308,1,Gd,6,2,1.0,4,1,No Pool,No,84900
1051,1302,2007,2007,1302,0,Yes,1302,Yes,436,2,Gd,6,3,2.0,7,1,No Pool,No,176485
1052,1316,2007,2007,1316,0,Yes,1316,Yes,440,2,Gd,6,3,2.0,7,1,No Pool,No,200141
1053,1977,1964,1978,1127,850,Yes,816,Yes,540,2,TA,9,4,2.0,6,2,No Pool,No,165000
1054,1526,1957,2002,1526,0,Yes,1216,Yes,364,1,TA,7,4,1.0,5,1,No Pool,No,144500
1055,1989,2002,2002,1091,898,Yes,1065,Yes,586,2,Gd,7,3,3.5,8,2,No Pool,No,255000
1056,1523,1976,1976,1523,0,Yes,1193,Yes,478,2,TA,7,3,2.5,6,1,No Pool,No,180000
1057,1364,2005,2005,1364,0,Yes,1364,Yes,484,2,Gd,6,2,3.0,7,1,No Pool,No,185850
1058,1850,1994,1994,979,871,Yes,973,Yes,467,2,Gd,7,3,2.5,7,2,No Pool,No,248000
1059,2184,2008,2008,1130,1054,Yes,1104,Yes,836,3,Ex,10,3,3.5,9,2,No Pool,No,335000
1060,1991,1932,1950,1096,895,Yes,854,Yes,432,2,TA,7,3,1.5,6,2,No Pool,No,220000
1061,1338,2001,2001,1338,0,Yes,1338,Yes,582,2,Gd,6,2,3.0,8,1,No Pool,No,213500
1062,894,1935,1950,894,0,Yes,894,Yes,1248,3,TA,6,2,1.0,3,1,No Pool,No,81000
1063,2337,1900,1950,1422,915,Yes,662,Yes,560,2,TA,10,5,2.0,5,2,No Pool,No,90000
1064,1103,1925,1980,1103,0,Yes,1103,Yes,440,2,Gd,5,2,1.0,6,1,No Pool,No,110500
1065,1154,1966,1966,1154,0,Yes,1154,Yes,480,2,TA,6,3,1.5,5,1,No Pool,No,154000
1066,2260,1996,1997,1306,954,Yes,1306,Yes,533,2,Gd,7,3,3.5,7,2,No Pool,No,328000
1067,1571,1993,1994,799,772,Yes,799,Yes,380,2,TA,7,3,2.5,6,2,No Pool,No,178000
1068,1611,1964,1964,798,813,Yes,780,Yes,442,2,TA,7,4,2.5,6,2,No Pool,No,167900
1069,2521,1973,1973,1291,1230,Yes,942,Yes,576,2,TA,10,5,3.5,6,2,No Pool,No,151400
1070,893,1949,2003,893,0,Yes,845,Yes,576,2,Gd,4,2,1.5,5,1,No Pool,No,135000
1071,1048,1956,1956,1048,0,Yes,1048,Yes,286,1,TA,6,3,2.0,5,1,No Pool,No,135000
1072,1556,1968,1968,829,727,Yes,727,Yes,441,2,TA,8,4,1.5,6,2,No Pool,No,154000
1073,1456,1948,1950,1002,454,Yes,810,Yes,280,1,TA,7,4,2.5,5,2,No Pool,No,91500
1074,1426,1977,1977,698,728,Yes,690,Yes,440,2,TA,6,3,1.5,6,2,No Pool,No,159500
1075,1240,2006,2006,1240,0,Yes,1240,Yes,826,3,Gd,5,2,2.0,7,1,No Pool,No,194000
1076,1740,1940,1984,960,780,Yes,800,Yes,240,1,TA,6,3,1.5,7,2,No Pool,No,219500
1077,1466,1936,1989,1096,370,Yes,796,Yes,566,2,Gd,7,3,2.5,5,2,No Pool,No,170000
1078,1096,1969,1969,1096,0,Yes,1096,Yes,299,1,TA,6,3,2.0,5,1,No Pool,No,138800
1079,848,2004,2004,848,0,Yes,848,Yes,420,2,Gd,3,1,2.0,6,1,No Pool,No,155900
1080,990,1994,1994,990,0,Yes,990,Yes,299,1,TA,5,3,1.0,5,1,No Pool,No,126000
1081,1258,1971,2004,1258,0,Yes,1258,Yes,528,2,Gd,5,3,2.5,6,1,No Pool,No,145000
1082,1040,1963,1963,1040,0,Yes,1040,Yes,308,1,TA,5,3,2.5,5,1,No Pool,No,133000
1083,1459,2002,2002,1459,0,Yes,1459,Yes,527,2,Gd,6,3,2.0,7,1,No Pool,No,192000
1084,1251,1964,1964,1251,0,Yes,1251,Yes,461,1,TA,6,3,2.0,6,1,No Pool,No,160000
1085,1498,1995,1996,691,807,Yes,691,Yes,409,2,TA,6,3,2.5,6,2,No Pool,No,187500
1086,996,1992,1992,996,0,Yes,936,Yes,564,2,Gd,5,2,2.0,6,1,No Pool,No,147000
1087,1092,1973,1973,546,546,Yes,546,Yes,286,1,TA,6,3,1.5,4,2,No Pool,No,83500
1088,1953,2005,2006,1082,871,Yes,1082,Yes,1043,3,Gd,9,3,2.5,8,2,No Pool,No,252000
1089,1709,2004,2004,970,739,Yes,970,Yes,380,2,Gd,7,3,2.0,7,2,No Pool,No,137500
1090,1247,2005,2005,1247,0,Yes,1247,Yes,550,2,Gd,4,1,2.5,8,1,No Pool,No,197000
1091,1040,1950,1950,1040,0,No,0,Yes,400,2,TA,6,2,2.0,3,1,No Pool,No,92900
1092,1252,1999,2000,624,628,Yes,600,Yes,462,2,Gd,4,2,3.5,7,2,No Pool,No,160000
1093,1694,1925,1950,1390,304,Yes,1181,Yes,576,2,TA,7,4,2.0,6,2,No Pool,No,136500
1094,1200,1965,1998,1200,0,Yes,864,Yes,884,2,Gd,6,1,2.5,5,1,No Pool,No,146000
1095,936,1956,2000,936,0,Yes,936,Yes,308,1,TA,4,2,2.0,5,1,No Pool,No,129000
1096,1314,2006,2006,1314,0,Yes,1314,Yes,440,2,Gd,6,3,2.0,6,1,No Pool,No,176432
1097,1355,1914,2006,773,582,Yes,684,No,0,0,Gd,7,3,1.5,6,2,No Pool,No,127000
1098,1088,1986,1986,1088,0,Yes,1074,Yes,461,2,Gd,5,2,1.5,8,1,No Pool,No,170000
1099,1324,1936,1950,757,567,Yes,672,Yes,240,1,TA,6,3,1.0,4,2,No Pool,No,128000
1100,1601,1978,1978,1601,0,Yes,1271,Yes,478,2,TA,7,3,2.0,7,1,No Pool,No,157000
1101,438,1920,1950,438,0,Yes,290,Yes,246,1,Fa,3,1,1.0,2,1,No Pool,No,60000
1102,950,1971,1971,950,0,Yes,950,Yes,280,1,TA,5,3,1.0,5,1,No Pool,No,119500
1103,1134,1960,2002,1134,0,Yes,1010,Yes,254,1,TA,6,2,1.0,5,1,No Pool,No,135000
1104,1194,1959,1959,1194,0,Yes,655,Yes,539,2,TA,6,3,1.5,6,1,No Pool,No,159500
1105,1302,1970,1970,630,672,Yes,630,Yes,440,2,TA,6,3,2.5,5,2,No Pool,No,106000
1106,2622,1994,1995,1500,1122,Yes,1463,Yes,712,2,Gd,9,3,3.5,8,2,No Pool,No,325000
1107,1442,1990,1991,1442,0,Yes,910,Yes,719,2,Gd,6,3,3.0,7,1,No Pool,No,179900
1108,2021,2006,2006,887,1134,Yes,868,Yes,422,2,Gd,9,3,2.5,7,2,No Pool,No,274725
1109,1690,2000,2000,948,742,Yes,924,Yes,463,2,TA,7,3,2.5,6,2,No Pool,No,181000
1110,1836,2004,2005,1836,0,Yes,1836,Yes,862,3,Gd,7,3,3.0,8,1,No Pool,No,280000
1111,1658,1995,1996,773,885,Yes,773,Yes,431,2,TA,8,3,3.5,6,2,No Pool,No,188000
1112,1964,1976,1976,1098,866,Yes,803,Yes,483,2,TA,8,4,2.5,7,2,No Pool,No,205000
1113,816,1957,1957,816,0,Yes,816,Yes,308,1,TA,5,2,2.0,5,1,No Pool,No,129900
1114,1008,1953,2006,1008,0,Yes,1008,Yes,240,1,Gd,6,2,2.0,5,1,No Pool,No,134500
1115,833,1954,2000,833,0,Yes,833,Yes,326,1,Gd,4,2,1.0,5,1,No Pool,No,117000
1116,1734,2007,2007,1734,0,Yes,1734,Yes,928,3,Ex,7,3,3.0,8,1,No Pool,No,318000
1117,1419,2002,2002,779,640,Yes,408,Yes,527,2,Gd,7,3,3.5,8,2,No Pool,No,184100
1118,894,1967,2003,894,0,Yes,894,Yes,450,2,Gd,5,3,2.0,5,1,No Pool,No,130000
1119,1601,1958,1987,1021,580,Yes,533,Yes,300,1,TA,6,3,1.5,5,2,No Pool,No,140000
1120,1040,1959,1959,1040,0,Yes,1040,Yes,286,1,TA,6,3,1.0,5,1,No Pool,No,133700
1121,1012,1920,1950,1012,0,Yes,1012,Yes,308,1,TA,6,2,1.0,6,1,No Pool,No,118400
1122,1552,2005,2006,1552,0,Yes,1552,Yes,782,3,Gd,7,3,2.0,7,1,No Pool,No,212900
1123,960,1956,1956,960,0,Yes,672,Yes,288,1,TA,5,3,1.0,4,1,No Pool,No,112000
1124,698,1947,2008,698,0,Yes,698,No,0,0,TA,4,2,1.5,5,1,No Pool,No,118000
1125,1482,1992,1992,812,670,Yes,384,Yes,392,2,Gd,7,3,2.5,7,2,No Pool,No,163900
1126,1005,1955,1955,1005,0,Yes,1005,Yes,672,2,Fa,5,2,1.0,4,1,No Pool,No,115000
1127,1555,2007,2007,1555,0,Yes,1373,Yes,660,3,Gd,7,2,2.0,7,1,No Pool,No,174000
1128,1530,2004,2004,1530,0,Yes,1530,Yes,630,3,Gd,7,3,3.0,7,1,No Pool,No,259000
1129,1959,2004,2005,847,1112,Yes,847,Yes,434,2,Gd,8,4,2.5,7,2,No Pool,No,215000
1130,936,1980,1980,936,0,Yes,936,Yes,672,2,TA,4,2,2.0,5,1,No Pool,No,140000
1131,1981,1928,1950,1328,653,Yes,1122,Yes,576,2,Gd,7,4,3.0,4,2,No Pool,No,135000
1132,974,1991,1992,974,0,Yes,974,No,0,0,TA,5,3,1.0,5,1,No Pool,No,93500
1133,2210,1880,1950,1178,1032,Yes,1008,Yes,205,1,Fa,8,5,2.0,6,2,No Pool,No,117500
1134,2020,1995,1995,1142,878,Yes,1128,Yes,466,2,Gd,8,3,2.5,8,2,No Pool,No,239500
1135,1600,1997,1997,916,684,Yes,916,Yes,460,2,TA,7,3,2.5,6,2,No Pool,No,169000
1136,986,1926,1950,986,0,Yes,960,Yes,180,1,TA,5,2,1.0,6,1,No Pool,No,102000
1137,1252,1950,1950,1032,220,Yes,1032,Yes,288,1,TA,6,3,1.0,6,2,No Pool,No,119000
1138,1020,1875,1996,780,240,Yes,780,No,0,0,TA,6,2,1.0,5,2,No Pool,No,94000
1139,1567,1977,1977,1567,0,Yes,1567,Yes,714,2,Gd,5,2,3.0,6,1,No Pool,No,196000
1140,1167,1920,1950,1167,0,Yes,915,Yes,495,2,TA,6,3,1.0,5,1,No Pool,No,144000
1141,952,1951,1951,952,0,Yes,952,Yes,840,2,TA,4,2,2.0,5,1,No Pool,No,139000
1142,1868,1976,1976,1088,780,Yes,780,Yes,484,2,Gd,9,4,3.5,5,2,No Pool,No,197500
1143,2828,2006,2007,1466,1362,Yes,1466,Yes,1052,3,Gd,11,4,4.0,8,2,No Pool,No,424870
1144,1006,1959,1959,1006,0,Yes,1006,No,0,0,TA,5,3,1.0,5,1,No Pool,No,80000
1145,924,1941,1950,672,252,Yes,672,Yes,280,1,Fa,5,2,2.0,4,2,No Pool,No,80000
1146,1576,1928,1950,1042,534,Yes,1042,Yes,225,1,TA,8,3,1.0,5,2,No Pool,No,149000
1147,1298,1985,1985,1298,0,Yes,1298,Yes,403,2,Gd,5,3,3.0,6,1,No Pool,No,180000
1148,1564,1941,1950,860,704,Yes,704,Yes,234,1,Fa,7,3,1.5,7,2,No Pool,No,174500
1149,1111,1926,1950,572,539,Yes,572,Yes,288,1,TA,5,2,1.0,7,2,No Pool,No,116900
1150,1482,1920,1988,832,650,Yes,650,Yes,324,2,TA,7,3,1.5,7,2,No Pool,No,143000
1151,932,1950,1950,932,0,Yes,932,Yes,306,1,Gd,4,2,1.0,6,1,No Pool,No,124000
1152,1466,1959,1959,1466,0,Yes,1466,Yes,528,2,Fa,6,3,1.5,5,1,No Pool,No,149900
1153,1811,1956,2004,1811,0,Yes,1073,Yes,470,2,Ex,6,2,1.0,6,1,No Pool,No,230000
1154,816,1930,2007,816,0,Yes,816,Yes,432,1,TA,5,2,1.0,6,1,No Pool,No,120500
1155,1820,1965,1988,902,918,Yes,864,Yes,492,2,Gd,8,4,2.0,7,2,No Pool,No,201800
1156,1437,1976,2004,1437,0,Yes,1437,Yes,528,2,Gd,6,3,3.0,5,1,No Pool,No,218000
1157,1265,1965,1999,1265,0,Yes,1219,Yes,502,2,Gd,6,3,2.5,5,1,No Pool,No,179900
1158,1314,2007,2008,1314,0,Yes,1314,Yes,626,2,Gd,6,2,3.0,7,1,No Pool,No,230000
1159,1580,2007,2008,1580,0,Yes,1580,Yes,830,3,Gd,7,3,2.0,8,1,No Pool,No,235128
1160,1876,1974,1974,943,933,Yes,901,Yes,540,2,Gd,8,4,2.5,6,2,No Pool,No,185000
1161,1456,1978,1978,855,601,Yes,855,Yes,440,2,TA,7,3,2.5,6,2,No Pool,No,146000
1162,1640,1954,2006,1640,0,Yes,1296,Yes,924,2,Gd,7,3,2.0,6,1,No Pool,No,224000
1163,894,1968,1968,894,0,Yes,894,Yes,450,2,TA,5,3,1.0,5,1,No Pool,No,129000
1164,1258,1969,1969,1258,0,Yes,1198,Yes,400,2,TA,6,0,3.0,4,1,No Pool,No,108959
1165,1432,1978,1978,1432,0,Yes,1360,Yes,588,2,Gd,5,2,2.5,5,1,No Pool,No,194000
1166,1502,2009,2009,1502,0,Yes,1502,Yes,644,2,Gd,7,3,2.0,7,1,No Pool,No,233170
1167,1694,2008,2008,1694,0,Yes,1694,Yes,776,3,Gd,7,3,2.0,8,1,No Pool,No,245350
1168,1671,2000,2000,959,712,Yes,959,Yes,472,2,TA,7,3,3.5,6,2,No Pool,No,173000
1169,2108,1935,1986,1236,872,Yes,1127,Yes,540,2,Gd,7,4,2.0,6,2,No Pool,No,235000
1170,3627,1995,1996,1831,1796,Yes,1930,Yes,807,3,Gd,10,4,4.5,10,2,No Pool,No,625000
1171,1118,1977,1977,1118,0,Yes,1096,Yes,358,1,TA,6,3,2.0,6,1,Gd,Yes,171000
1172,1261,1958,1958,1261,0,Yes,1261,Yes,433,2,TA,6,3,2.0,6,1,No Pool,No,163000
1173,1250,2006,2007,625,625,Yes,625,Yes,625,2,Gd,5,2,2.5,7,2,No Pool,No,171900
1174,3086,1946,1994,1636,971,Yes,1598,No,0,0,Ex,12,3,3.0,5,2,No Pool,No,200500
1175,2345,1932,1950,1170,1175,Yes,952,Yes,360,2,TA,9,4,2.5,6,2,No Pool,No,239000
1176,2872,1992,2000,2129,743,Yes,1683,Yes,541,2,Gd,9,4,2.5,8,2,No Pool,No,285000
1177,923,1984,1985,923,0,Yes,876,Yes,264,1,TA,5,3,2.0,5,1,No Pool,No,119500
1178,1224,1926,2004,818,406,Yes,818,Yes,210,1,TA,5,3,1.0,6,2,No Pool,No,115000
1179,1343,1921,1950,820,523,Yes,731,Yes,186,1,TA,7,3,1.5,5,2,No Pool,No,154900
1180,1124,1954,1954,1124,0,No,0,No,0,0,TA,5,3,1.0,5,1,No Pool,No,93000
1181,2514,1990,1991,1298,1216,Yes,1216,Yes,693,2,TA,8,4,2.5,7,2,No Pool,No,250000
1182,1652,2008,2008,1652,0,Yes,1600,Yes,482,2,Gd,5,2,3.5,8,1,No Pool,No,392500
1183,4476,1996,1996,2411,2065,Yes,2396,Yes,813,3,Ex,10,4,4.5,10,2,Ex,Yes,745000
1184,1130,1920,1950,1130,0,Yes,1120,Yes,720,2,TA,5,2,2.0,5,1,No Pool,No,120000
1185,1572,1963,1963,1572,0,Yes,1572,Yes,995,3,TA,5,3,2.5,5,1,No Pool,No,186700
1186,1221,1924,1950,949,272,Yes,784,Yes,392,1,TA,7,4,2.0,5,2,No Pool,No,104900
1187,1699,1900,1970,1014,685,Yes,978,Yes,420,2,TA,7,3,3.0,3,2,No Pool,No,95000
1188,1624,1994,1995,1624,0,Yes,1624,Yes,757,3,Gd,5,2,3.0,8,1,No Pool,No,262000
1189,1660,2002,2002,831,829,Yes,831,Yes,493,2,Gd,7,3,2.5,7,2,No Pool,No,195000
1190,1804,1999,1999,1028,776,Yes,994,Yes,442,2,Gd,7,3,2.5,7,2,No Pool,No,189000
1191,1622,1961,1975,1622,0,Yes,1249,Yes,1356,4,TA,7,3,2.0,4,1,No Pool,No,168000
1192,1441,1999,2000,764,677,Yes,776,Yes,492,2,Gd,5,2,2.5,8,2,No Pool,No,174000
1193,1472,1925,1994,842,630,Yes,702,Yes,250,1,Gd,6,3,1.0,5,2,No Pool,No,125000
1194,1224,1999,1999,1224,0,Yes,1224,Yes,402,2,TA,5,2,3.0,6,1,No Pool,No,165000
1195,1352,1969,1969,663,689,Yes,663,Yes,299,1,TA,7,4,1.5,6,2,No Pool,No,158000
1196,1456,2005,2005,728,728,Yes,728,Yes,400,2,Gd,8,3,2.5,6,2,No Pool,No,176000
1197,1863,2006,2006,879,984,Yes,879,Yes,660,3,Gd,9,4,2.5,7,2,No Pool,No,219210
1198,1690,1916,1950,815,875,Yes,815,Yes,225,1,TA,7,3,1.0,7,2,No Pool,No,144000
1199,1212,2001,2001,1212,0,Yes,1212,Yes,573,2,Gd,6,3,2.0,7,1,No Pool,No,178000
1200,1382,1963,1979,1382,0,Yes,1051,Yes,459,2,TA,6,3,1.5,4,1,No Pool,No,148000
1201,864,1970,1970,864,0,Yes,864,Yes,280,1,TA,5,3,1.0,4,1,No Pool,No,116050
1202,1779,1998,1998,866,913,Yes,866,Yes,546,2,Gd,6,3,2.5,7,2,No Pool,No,197900
1203,1348,1925,1997,884,464,Yes,884,Yes,216,1,TA,5,3,2.0,5,2,No Pool,No,117000
1204,1630,2000,2001,1630,0,Yes,1630,Yes,451,2,Gd,6,3,2.0,7,1,No Pool,No,213000
1205,1074,1975,1975,1074,0,Yes,1056,Yes,495,2,TA,6,3,2.5,5,1,No Pool,No,153500
1206,2196,1990,1991,2196,0,Yes,2158,Yes,701,3,Gd,7,3,2.0,7,1,No Pool,No,271900
1207,1056,1966,1966,1056,0,Yes,1056,Yes,384,1,TA,5,2,2.0,4,1,No Pool,No,107000
1208,1700,2003,2003,1700,0,Yes,1682,Yes,544,2,Gd,7,3,3.0,6,1,No Pool,No,200000
1209,1283,1962,1980,1283,0,Yes,931,Yes,506,2,TA,6,3,2.0,5,1,No Pool,No,140000
1210,1660,2006,2006,1660,0,Yes,1660,Yes,500,2,Gd,8,3,3.0,8,1,No Pool,No,290000
1211,1845,1992,1992,1055,790,Yes,1055,Yes,462,2,Gd,8,3,2.5,6,2,No Pool,No,189000
1212,1752,1988,2005,1080,672,Yes,559,Yes,492,2,TA,8,4,2.0,8,2,No Pool,No,164000
1213,672,1941,1950,672,0,Yes,672,Yes,234,1,TA,4,2,2.0,4,1,No Pool,No,113000
1214,960,1965,2001,960,0,Yes,648,Yes,364,1,TA,3,0,1.5,4,1,No Pool,No,145000
1215,999,1962,1962,999,0,Yes,925,Yes,300,1,TA,6,3,2.0,5,1,No Pool,No,134500
1216,894,1966,1966,894,0,Yes,894,Yes,384,1,TA,5,3,1.0,5,1,No Pool,No,125000
1217,1902,1978,1978,1318,584,No,0,Yes,539,2,TA,8,4,2.0,6,2,No Pool,No,112000
1218,1314,2009,2009,1314,0,Yes,1300,Yes,552,2,Gd,6,3,3.0,8,1,No Pool,No,229456
1219,912,1947,1950,672,240,No,0,No,0,0,TA,3,2,1.0,4,2,No Pool,No,80500
1220,1218,1971,1971,672,546,Yes,672,No,0,0,TA,7,3,1.5,6,2,No Pool,No,91500
1221,912,1964,1964,912,0,Yes,912,Yes,288,1,TA,5,2,1.0,5,1,No Pool,No,115000
1222,1211,1968,1968,1211,0,Yes,952,Yes,322,1,TA,5,3,1.0,5,1,No Pool,No,134000
1223,1846,1949,1950,1168,678,Yes,1040,Yes,315,1,TA,7,3,2.0,6,2,No Pool,No,143000
1224,2136,1951,1951,2136,0,Yes,2136,Yes,528,2,TA,7,4,2.0,5,1,No Pool,No,137900
1225,1490,2004,2005,788,702,Yes,788,Yes,388,2,Gd,8,3,3.5,7,2,No Pool,No,184000
1226,1138,1958,1958,1138,0,Yes,588,Yes,264,1,TA,6,3,1.5,6,1,No Pool,No,145000
1227,1933,2007,2007,894,1039,Yes,894,Yes,668,3,Gd,9,4,2.5,6,2,No Pool,No,214000
1228,912,1965,2008,912,0,Yes,912,Yes,576,2,Gd,5,2,2.0,5,1,No Pool,No,147000
1229,1702,2008,2008,1702,0,Yes,1702,Yes,1052,3,Ex,7,1,2.5,9,1,No Pool,No,367294
1230,1507,1960,1960,1507,0,Yes,1075,Yes,404,1,TA,7,4,2.0,5,1,No Pool,No,127000
1231,2620,1977,1977,1361,1259,Yes,1361,Yes,600,2,TA,12,4,3.0,5,2,No Pool,No,190000
1232,1190,1962,1962,1190,0,Yes,1106,Yes,540,2,TA,6,3,2.0,5,1,No Pool,No,132500
1233,1224,1962,1962,1224,0,No,0,Yes,462,2,TA,6,2,2.0,4,1,No Pool,No,101800
1234,1188,1959,1959,1188,0,Yes,1188,Yes,531,2,TA,6,3,2.0,5,1,No Pool,No,142000
1235,1964,1911,1950,1024,940,Yes,940,No,0,0,TA,7,4,1.5,5,2,No Pool,No,130000
1236,1784,1914,1950,892,892,Yes,747,Yes,180,1,TA,9,4,1.5,5,2,No Pool,No,138887
1237,1626,2003,2003,764,862,Yes,764,Yes,474,2,Gd,6,2,2.5,7,2,No Pool,No,175500
1238,1948,2004,2005,847,1101,Yes,847,Yes,434,2,Gd,8,4,2.5,7,2,No Pool,No,195000
1239,1141,2005,2005,1141,0,Yes,1141,Yes,484,2,TA,6,3,1.5,6,1,No Pool,No,142500
1240,1484,2006,2006,1484,0,Yes,1476,Yes,472,2,Ex,6,2,2.0,8,1,No Pool,No,265900
1241,1768,2003,2003,884,884,Yes,884,Yes,543,2,Gd,8,3,3.5,7,2,No Pool,No,224900
1242,1689,2007,2007,1689,0,Yes,1689,Yes,954,3,Gd,7,3,2.0,7,1,No Pool,No,248328
1243,1173,1974,1974,1173,0,Yes,1053,Yes,528,2,Gd,6,3,3.0,7,1,No Pool,No,170000
1244,2076,2006,2006,2076,0,Yes,2076,Yes,850,3,Ex,7,2,3.5,10,1,No Pool,No,465000
1245,1517,1929,1950,792,725,Yes,792,Yes,400,2,Gd,7,3,1.0,8,2,No Pool,No,230000
1246,1868,1984,2003,1140,728,Yes,585,Yes,477,2,TA,7,3,3.5,6,2,No Pool,No,178000
1247,1553,2005,2006,756,797,Yes,756,Yes,615,2,Gd,6,3,2.5,7,2,No Pool,No,186500
1248,1034,1976,1976,1034,0,Yes,1012,Yes,888,3,TA,6,3,2.0,6,1,No Pool,No,169900
1249,2058,1917,1950,1134,924,Yes,735,Yes,396,2,TA,8,3,1.5,6,2,No Pool,No,129500
1250,988,1950,1950,988,0,Yes,876,Yes,276,1,TA,6,3,1.0,5,1,No Pool,No,119000
1251,2110,1968,1968,2110,0,Yes,2110,Yes,522,2,Ex,8,3,3.5,7,1,No Pool,No,244000
1252,1405,2003,2003,1405,0,Yes,1405,Yes,478,2,Gd,6,2,2.0,7,1,No Pool,No,171750
1253,874,1968,1968,874,0,Yes,864,Yes,288,1,TA,5,3,2.0,5,1,No Pool,No,130000
1254,2167,1974,2003,1516,651,Yes,1192,Yes,518,2,Gd,9,3,3.5,7,2,No Pool,No,294000
1255,1656,2003,2004,760,896,Yes,746,Yes,397,2,Gd,7,3,2.5,7,2,No Pool,No,165400
1256,1367,1931,1950,959,408,Yes,884,Yes,560,1,TA,6,3,1.0,6,2,No Pool,No,127500
1257,1987,1994,1994,1987,0,Yes,1986,Yes,691,2,Gd,7,2,3.0,8,1,No Pool,No,301500
1258,864,1922,1950,864,0,Yes,864,No,0,0,TA,4,2,1.0,5,1,No Pool,No,99900
1259,1166,2005,2005,1166,0,Yes,856,Yes,400,2,Gd,5,2,3.0,7,1,No Pool,No,190000
1260,1054,1969,1969,1054,0,Yes,1054,Yes,460,2,TA,6,3,2.5,6,1,No Pool,No,151000
1261,1675,1999,1999,892,783,Yes,841,Yes,502,2,TA,7,3,2.5,6,2,No Pool,No,181000
1262,1050,1956,1956,1050,0,Yes,1050,Yes,338,1,TA,5,2,1.0,5,1,No Pool,No,128900
1263,1788,1957,1989,1104,684,Yes,1104,Yes,304,1,TA,8,5,2.0,4,2,No Pool,No,161500
1264,1824,1919,1950,1060,764,Yes,764,Yes,520,2,TA,8,3,1.0,6,2,No Pool,No,180500
1265,1337,1998,1999,1337,0,Yes,1405,Yes,511,2,Gd,5,2,3.0,6,1,No Pool,No,181000
1266,1452,1999,1999,713,739,Yes,691,Yes,506,2,Gd,6,3,3.5,7,2,No Pool,No,183900
1267,1889,1910,1950,964,925,Yes,925,Yes,308,1,TA,9,4,1.5,7,2,No Pool,No,122000
1268,2018,2008,2009,2018,0,Yes,2002,Yes,746,3,Ex,10,3,2.0,9,1,No Pool,No,378500
1269,3447,1935,1997,1968,1479,Yes,728,Yes,1014,3,Gd,11,4,3.5,8,2,No Pool,No,381000
1270,1524,1958,1958,874,650,Yes,874,Yes,315,1,TA,7,3,1.5,5,2,No Pool,No,144000
1271,1524,1979,1979,1332,192,Yes,1332,Yes,586,2,Gd,4,0,2.5,7,2,No Pool,No,260000
1272,1489,1968,1968,1489,0,Yes,1489,Yes,462,2,Gd,7,3,2.0,6,1,No Pool,No,185750
1273,935,1965,1965,935,0,Yes,935,Yes,288,1,TA,5,3,2.0,5,1,No Pool,No,137000
1274,1357,1959,2006,1357,0,Yes,1019,Yes,312,1,Ex,5,2,2.0,6,1,No Pool,No,177000
1275,1250,1910,2003,661,589,Yes,661,Yes,552,2,TA,8,3,2.0,5,2,No Pool,No,139000
1276,1920,1948,1950,928,992,Yes,928,Yes,400,2,TA,10,4,2.0,5,2,No Pool,No,137000
1277,1395,1972,1972,735,660,Yes,723,Yes,497,2,TA,6,3,2.0,6,2,No Pool,No,162000
1278,1724,1967,1976,1724,0,Yes,1680,Yes,480,2,TA,7,3,2.5,6,1,No Pool,No,197900
1279,2031,2002,2002,1128,903,Yes,1128,Yes,577,2,Gd,7,3,3.5,8,2,No Pool,No,237000
1280,1128,1920,1950,698,430,Yes,698,Yes,528,2,TA,6,2,1.0,4,2,No Pool,No,68400
1281,1573,2002,2002,1573,0,Yes,1573,Yes,544,2,Gd,6,3,3.0,7,1,No Pool,No,227000
1282,1339,1990,1990,1339,0,Yes,1309,Yes,484,2,TA,6,2,3.0,7,1,No Pool,No,180000
1283,1040,1977,2008,1040,0,Yes,1040,Yes,484,2,Gd,5,3,2.0,5,1,No Pool,No,150500
1284,1824,1971,1971,912,912,Yes,912,No,0,0,TA,8,4,3.0,6,2,No Pool,No,139000
1285,2447,1919,1990,1699,748,Yes,804,Yes,336,1,Gd,10,4,2.0,6,2,No Pool,No,169000
1286,1412,1939,1950,825,587,Yes,780,Yes,280,1,TA,6,4,1.0,6,2,No Pool,No,132500
1287,1328,1963,1963,1328,0,Yes,1328,Yes,528,2,TA,6,3,2.5,6,1,No Pool,No,143000
1288,1582,1964,1964,1582,0,Yes,1624,Yes,390,2,TA,7,4,2.5,5,1,No Pool,No,190000
1289,1659,2000,2000,1659,0,Yes,1501,Yes,499,2,Ex,5,2,3.0,8,1,No Pool,No,278000
1290,1970,2006,2006,1120,850,Yes,1085,Yes,753,3,Ex,8,3,2.5,8,2,No Pool,No,281000
1291,1152,1964,1964,1152,0,Yes,1152,Yes,484,2,TA,6,3,2.0,5,1,No Pool,No,180500
1292,1302,1972,1972,630,672,Yes,630,Yes,264,1,TA,6,3,2.5,5,2,No Pool,No,119500
1293,2372,1892,1965,1378,994,Yes,994,Yes,432,1,TA,11,4,2.0,5,2,No Pool,No,107500
1294,1664,1976,1976,832,832,Yes,832,Yes,528,2,TA,8,4,2.5,7,2,No Pool,No,162900
1295,864,1955,1990,864,0,Yes,864,Yes,572,2,TA,5,2,2.0,5,1,No Pool,No,115000
1296,1052,1968,1968,1052,0,Yes,1052,Yes,288,1,TA,5,3,2.5,5,1,No Pool,No,138500
1297,1128,1963,1963,1128,0,Yes,1120,Yes,525,2,TA,6,3,3.0,5,1,No Pool,No,155000
1298,1072,2005,2006,1072,0,Yes,547,Yes,525,2,TA,5,2,3.0,6,1,No Pool,No,140000
1299,5642,2008,2008,4692,950,Yes,6110,Yes,1418,2,Ex,12,3,4.5,10,2,Gd,Yes,160000
1300,1246,1959,1994,1246,0,Yes,1246,Yes,305,1,Gd,6,3,2.5,5,1,No Pool,No,154000
1301,1983,1999,1999,1005,978,Yes,978,Yes,490,2,Gd,9,3,2.5,7,2,No Pool,No,225000
1302,1494,1942,1950,753,741,Yes,771,Yes,213,1,Gd,7,3,1.0,6,2,No Pool,No,177500
1303,2526,1994,1994,1203,1323,Yes,1165,Yes,844,3,Gd,8,4,3.5,8,2,No Pool,No,290000
1304,1616,2005,2005,1616,0,Yes,1616,Yes,834,3,Gd,7,3,2.0,7,1,No Pool,No,232000
1305,1708,2004,2004,976,732,Yes,976,Yes,380,2,Gd,7,3,2.0,7,2,No Pool,No,130000
1306,1652,2006,2007,1652,0,Yes,1652,Yes,840,2,Ex,6,2,3.0,9,1,No Pool,No,325000
1307,1368,2005,2006,1368,0,Yes,1368,Yes,474,2,Gd,6,2,2.0,7,1,No Pool,No,202500
1308,990,1994,1995,990,0,Yes,990,Yes,480,2,TA,5,3,2.0,5,1,No Pool,No,138000
1309,1122,1948,2005,1122,0,Yes,924,Yes,528,2,Gd,6,2,2.0,5,1,No Pool,No,147000
1310,1294,1991,1991,1294,0,Yes,1278,Yes,496,2,Gd,6,3,3.0,6,1,No Pool,No,179200
1311,1902,1959,2002,1902,0,Yes,1902,Yes,567,2,Ex,7,3,3.0,7,1,No Pool,No,335000
1312,1274,2005,2007,1274,0,Yes,1274,Yes,508,2,Gd,6,3,3.0,7,1,No Pool,No,203000
1313,2810,1990,1990,1453,1357,Yes,1453,Yes,750,2,Gd,9,4,2.5,8,2,No Pool,No,302000
1314,2599,1999,1999,1422,1177,Yes,1393,Yes,779,3,Gd,10,4,2.5,9,2,No Pool,No,333168
1315,948,1954,1954,948,0,Yes,948,Yes,280,1,TA,5,3,2.0,4,1,No Pool,No,119000
1316,2112,1969,1969,1092,1020,Yes,952,Yes,576,2,TA,9,4,2.5,6,2,No Pool,No,206900
1317,1630,2008,2008,1630,0,Yes,1622,Yes,860,3,Ex,8,3,3.0,8,1,No Pool,No,295493
1318,1352,2006,2007,1352,0,Yes,1352,Yes,466,2,Gd,5,2,2.0,7,1,No Pool,No,208900
1319,1787,2001,2002,1787,0,Yes,1753,Yes,748,3,Gd,7,3,2.0,8,1,No Pool,No,275000
1320,948,1954,1954,948,0,Yes,864,Yes,248,1,TA,5,3,1.0,4,1,No Pool,No,111000
1321,1478,1957,1957,1478,0,Yes,1478,Yes,442,2,TA,6,3,2.5,6,1,No Pool,No,156500
1322,720,1949,1950,720,0,No,0,Yes,287,1,TA,4,2,1.0,3,1,No Pool,No,72500
1323,1923,1992,1992,1061,862,Yes,750,Yes,564,2,Gd,8,3,3.5,7,2,No Pool,No,190000
1324,708,1940,1950,708,0,Yes,420,No,0,0,Fa,5,2,1.0,4,1,No Pool,No,82500
1325,1795,2006,2007,1795,0,Yes,1795,Yes,895,3,Gd,7,2,2.0,8,1,No Pool,No,147000
1326,796,1922,1950,796,0,Yes,796,No,0,0,TA,5,2,1.0,4,1,No Pool,No,55000
1327,774,1931,2006,774,0,Yes,544,No,0,0,Gd,6,3,1.0,3,1,No Pool,No,79000
1328,816,1982,2008,816,0,Yes,816,Yes,264,1,Gd,5,3,1.5,5,1,No Pool,No,130500
1329,2792,1920,1950,1584,1208,Yes,1510,Yes,520,2,TA,8,5,2.0,6,2,No Pool,No,256000
1330,1632,1998,1998,955,677,Yes,935,Yes,462,2,TA,8,3,2.5,7,2,No Pool,No,176500
1331,1588,2006,2006,1588,0,Yes,1588,Yes,825,3,Gd,7,3,2.0,8,1,No Pool,No,227000
1332,954,1976,1976,954,0,Yes,911,Yes,576,2,TA,6,3,1.0,5,1,No Pool,No,132500
1333,816,1938,1958,816,0,Yes,816,Yes,288,1,TA,3,2,2.0,4,1,No Pool,No,100000
1334,1360,1938,1995,803,557,Yes,803,Yes,297,1,Gd,6,2,1.5,5,2,No Pool,No,125500
1335,1365,1970,1970,765,600,Yes,765,Yes,440,2,TA,7,3,1.5,5,2,No Pool,No,125000
1336,1334,1977,1977,1334,0,Yes,1350,Yes,630,2,TA,6,2,2.5,6,1,No Pool,No,167900
1337,1656,1973,1973,1656,0,Yes,1656,Yes,506,2,TA,8,4,2.0,5,1,No Pool,No,135000
1338,693,1941,1950,693,0,Yes,693,No,0,0,Fa,4,2,1.0,4,1,No Pool,No,52500
1339,1861,2002,2002,920,941,Yes,916,Yes,492,2,Gd,8,3,3.5,7,2,No Pool,No,200000
1340,864,1972,1972,864,0,Yes,864,Yes,288,1,TA,5,3,1.0,5,1,No Pool,No,128500
1341,872,1971,1971,872,0,Yes,858,Yes,480,4,TA,5,3,1.0,4,1,No Pool,No,123000
1342,1114,2003,2004,1114,0,Yes,1114,Yes,576,2,Gd,6,3,2.0,6,1,No Pool,No,155000
1343,2169,2002,2002,1284,885,Yes,1284,Yes,647,2,Gd,7,3,2.5,8,2,No Pool,No,228500
1344,1913,1928,1950,1172,741,Yes,896,Yes,342,2,TA,9,3,1.5,6,2,No Pool,No,177000
1345,1456,2006,2006,728,728,Yes,728,Yes,440,2,Gd,8,3,2.5,7,2,No Pool,No,155835
1346,960,1920,1950,960,0,Yes,960,Yes,308,1,Fa,5,2,1.0,4,1,No Pool,No,108500
1347,2156,1968,2003,2156,0,Yes,1568,Yes,508,2,TA,9,3,2.0,7,1,No Pool,No,262500
1348,1776,2006,2007,1776,0,Yes,1732,Yes,712,3,Gd,7,3,3.0,8,1,No Pool,No,283463
1349,1494,1998,1998,1494,0,Yes,1482,Yes,514,2,Gd,5,3,3.0,7,1,No Pool,No,215000
1350,2358,1872,1987,938,1215,Yes,684,No,0,0,TA,8,4,2.0,8,2,No Pool,No,122000
1351,2634,1969,1969,1338,1296,Yes,1248,Yes,968,4,TA,12,6,4.5,5,2,No Pool,No,200000
1352,1716,1962,1962,858,858,Yes,858,Yes,490,2,TA,8,4,1.5,6,2,No Pool,No,171000
1353,1176,1937,2000,786,390,Yes,698,Yes,624,2,TA,4,2,1.0,6,2,No Pool,No,134900
1354,3238,1995,1996,2053,1185,Yes,2033,Yes,666,3,Gd,9,4,3.5,8,2,No Pool,No,410000
1355,1865,2000,2000,992,873,Yes,992,Yes,839,3,Gd,7,3,3.5,7,2,No Pool,No,235000
1356,1920,1968,1992,1222,698,Yes,570,Yes,487,2,Gd,8,4,3.0,7,2,No Pool,No,170000
1357,892,1966,1966,892,0,Yes,864,Yes,264,1,TA,5,3,1.0,5,1,No Pool,No,110000
1358,1078,1971,2008,1078,0,Yes,1078,Yes,500,2,TA,6,3,2.5,5,1,No Pool,No,149900
1359,1573,2000,2000,769,804,Yes,756,Yes,440,2,Gd,5,3,2.5,6,2,No Pool,No,177500
1360,1980,2004,2005,1980,0,Yes,1980,Yes,770,3,Ex,8,3,3.0,9,1,No Pool,No,315000
1361,2601,1921,1998,990,1611,Yes,612,Yes,621,2,TA,8,4,3.5,5,2,No Pool,No,189000
1362,1530,2005,2005,1530,0,Yes,1530,Yes,430,2,Gd,7,3,3.0,7,1,No Pool,No,260000
1363,1738,1920,2007,1281,457,Yes,715,Yes,368,1,TA,7,4,2.0,4,2,No Pool,No,104900
1364,1412,2006,2007,616,796,Yes,616,Yes,432,2,Gd,6,3,2.5,6,2,No Pool,No,156932
1365,1200,2005,2005,520,600,Yes,600,Yes,480,2,Gd,4,2,2.5,7,2,No Pool,No,144152
1366,1674,2000,2000,814,860,Yes,814,Yes,663,2,Gd,7,3,3.5,7,2,No Pool,No,216000
1367,1790,1999,1999,882,908,Yes,873,Yes,588,2,Gd,7,3,3.5,7,2,No Pool,No,193000
1368,1475,1977,1977,925,550,Yes,757,Yes,336,1,TA,6,4,2.0,5,2,No Pool,No,127000
1369,848,2003,2004,848,0,Yes,848,Yes,420,2,Gd,4,1,2.0,6,1,No Pool,No,144000
1370,1668,2003,2003,1668,0,Yes,1657,Yes,502,2,Gd,8,3,3.0,8,1,No Pool,No,232000
1371,1374,1920,1950,840,534,Yes,840,Yes,338,1,TA,6,2,1.0,4,2,No Pool,No,105000
1372,1661,1955,1996,1661,0,Yes,992,Yes,377,1,Gd,8,3,2.0,6,1,No Pool,No,165500
1373,2097,1998,1998,1108,989,Yes,1108,Yes,583,2,Gd,8,3,3.5,7,2,No Pool,No,274300
1374,2633,2001,2002,2633,0,Yes,2633,Yes,804,3,Ex,8,2,3.5,10,1,No Pool,No,466500
1375,1958,2005,2005,1026,932,Yes,1026,Yes,936,3,Gd,9,3,2.5,7,2,No Pool,No,250000
1376,1571,2007,2007,1571,0,Yes,1571,Yes,722,3,Gd,7,3,2.0,8,1,No Pool,No,239000
1377,790,1930,1950,790,0,Yes,768,Yes,160,1,TA,4,2,1.0,6,1,No Pool,No,91000
1378,1604,1941,1960,984,620,Yes,984,Yes,660,2,TA,6,3,2.0,5,2,No Pool,No,117000
1379,987,1973,1973,483,504,Yes,483,Yes,264,1,TA,5,2,1.5,6,2,No Pool,No,83000
1380,1394,2006,2007,754,640,Yes,384,Yes,400,2,Gd,7,3,2.5,5,2,No Pool,No,167500
1381,864,1914,1950,864,0,Yes,864,Yes,200,1,TA,5,2,2.0,3,1,No Pool,No,58500
1382,2117,1970,1970,2117,0,Yes,1205,Yes,550,2,TA,7,4,2.5,6,1,No Pool,No,237500
1383,1762,1920,1950,998,764,Yes,596,Yes,576,2,Gd,8,4,2.5,7,2,No Pool,No,157000
1384,1416,1918,2007,1416,0,Yes,816,Yes,576,2,Gd,7,3,2.0,5,1,No Pool,No,112000
1385,1258,1939,1950,698,560,Yes,560,Yes,280,1,TA,6,2,1.0,6,2,No Pool,No,105000
1386,1154,1922,2007,796,358,Yes,796,Yes,240,1,Gd,7,3,2.0,4,2,No Pool,No,125500
1387,2784,1978,1978,1392,1392,Yes,1392,Yes,564,2,Gd,12,5,4.5,7,2,Fa,Yes,250000
1388,2526,1916,1950,1664,862,Yes,714,Yes,216,1,Gd,10,5,2.0,6,2,No Pool,No,136000
1389,1746,2006,2007,1746,0,Yes,1746,Yes,758,3,Ex,7,3,3.0,9,1,No Pool,No,377500
1390,1218,1941,1950,869,349,Yes,735,Yes,440,2,TA,6,3,1.5,6,2,No Pool,No,131000
1391,1525,2000,2000,1525,0,Yes,1525,Yes,541,2,Gd,6,3,3.0,7,1,No Pool,No,235000
1392,1584,1967,1967,1584,0,Yes,1584,Yes,792,3,TA,8,4,2.0,5,1,No Pool,No,124000
1393,900,1967,1967,900,0,Yes,864,Yes,288,1,TA,6,3,2.0,5,1,No Pool,No,123000
1394,1912,1905,2000,1221,691,Yes,482,Yes,672,2,TA,7,3,2.0,6,2,No Pool,No,163000
1395,1500,2006,2006,1500,0,Yes,1356,Yes,648,3,Gd,6,2,3.0,7,1,No Pool,No,246578
1396,2482,2005,2006,1133,1349,Yes,1094,Yes,642,3,Gd,9,4,2.5,8,2,No Pool,No,281213
1397,1687,1948,1950,1687,0,Yes,747,Yes,572,2,TA,7,3,2.0,5,1,No Pool,No,160000
1398,1513,1920,2004,939,574,Yes,939,Yes,180,1,TA,8,4,1.5,5,2,No Pool,No,137500
1399,1904,1950,1982,1136,768,Yes,1208,Yes,240,1,TA,7,3,2.5,5,2,No Pool,No,138000
1400,1608,1925,1990,1160,448,Yes,976,Yes,216,1,Gd,7,3,2.5,6,2,No Pool,No,137450
1401,1158,1929,1950,950,208,Yes,862,Yes,208,1,TA,5,3,1.0,6,2,No Pool,No,120000
1402,1593,2004,2004,864,729,Yes,839,Yes,398,2,TA,8,3,3.5,6,2,No Pool,No,193000
1403,1294,2006,2006,1294,0,Yes,1286,Yes,662,2,Gd,6,2,2.0,7,1,No Pool,No,193879
1404,1464,2007,2007,1464,0,Yes,1485,Yes,754,3,Gd,6,3,3.0,8,1,No Pool,No,282922
1405,1214,1915,1950,694,520,Yes,672,Yes,936,3,TA,6,3,1.0,3,2,No Pool,No,105000
1406,1646,2004,2005,1646,0,Yes,1594,Yes,482,2,Gd,5,2,3.5,8,1,No Pool,No,275000
1407,768,1972,2007,768,0,Yes,768,Yes,396,2,TA,5,2,2.0,5,1,No Pool,No,133000
1408,833,1985,1985,833,0,Yes,833,No,0,0,TA,5,3,2.0,5,1,No Pool,No,112000
1409,1363,1910,1950,741,622,Yes,622,Yes,528,2,TA,6,3,1.0,4,2,No Pool,No,125500
1410,2093,1986,1991,1236,857,Yes,791,Yes,542,2,TA,7,3,2.5,7,2,No Pool,No,215000
1411,1840,2001,2001,944,896,Yes,944,Yes,622,2,Gd,6,3,3.5,7,2,No Pool,No,230000
1412,1668,1950,2005,1112,556,Yes,856,Yes,271,1,TA,6,3,1.5,6,2,No Pool,No,140000
1413,1040,1949,1950,1040,0,No,0,Yes,420,2,TA,6,2,2.0,4,1,No Pool,No,90000
1414,1844,2005,2006,1844,0,Yes,1844,Yes,620,2,Gd,7,2,3.0,8,1,No Pool,No,257000
1415,1848,1923,2000,1053,795,Yes,833,Yes,370,2,Gd,8,4,1.5,6,2,No Pool,No,207000
1416,1569,2007,2007,1569,0,Yes,1386,Yes,660,3,Gd,7,1,2.5,7,1,No Pool,No,175900
1417,2290,1885,1950,1246,1044,Yes,777,Yes,560,2,TA,11,4,2.0,4,2,No Pool,No,122500
1418,2450,1998,1998,1310,1140,Yes,1284,Yes,1069,3,Gd,7,3,3.5,8,2,No Pool,No,340000
1419,1144,1963,1963,1144,0,Yes,1144,Yes,336,1,TA,6,3,2.5,5,1,No Pool,No,124000
1420,1844,1969,1969,1844,0,Yes,1844,Yes,540,2,Gd,7,3,3.0,6,1,No Pool,No,223000
1421,1416,1968,1968,708,708,Yes,708,Yes,776,2,TA,7,3,2.5,6,2,No Pool,No,179900
1422,1069,1977,1977,1069,0,Yes,1069,Yes,440,2,TA,4,2,2.0,6,1,No Pool,No,127500
1423,848,2003,2003,848,0,Yes,848,Yes,420,2,Gd,3,1,2.0,6,1,No Pool,No,136500
1424,2201,1966,1966,1575,626,Yes,697,Yes,432,2,Gd,8,4,2.0,6,2,Gd,Yes,274970
1425,1344,1958,1983,1344,0,Yes,1024,Yes,484,1,TA,6,2,2.0,5,1,No Pool,No,144000
1426,1252,1959,1959,1252,0,Yes,1252,Yes,528,2,Gd,7,3,1.0,6,1,No Pool,No,142000
1427,2127,1994,1994,1223,904,Yes,1223,Yes,525,2,Gd,5,3,3.5,7,2,No Pool,No,271000
1428,1558,1945,1950,1048,510,Yes,913,Yes,288,1,TA,6,3,2.5,5,2,No Pool,No,140000
1429,804,1940,1992,804,0,Yes,788,Yes,240,1,Gd,4,2,2.0,5,1,No Pool,No,119000
1430,1440,1981,1981,1440,0,Yes,1440,Yes,467,2,Gd,7,3,2.0,6,1,No Pool,No,182900
1431,1838,2005,2005,734,1104,Yes,732,Yes,372,2,TA,7,4,2.5,5,2,No Pool,No,192140
1432,958,1976,1976,958,0,Yes,958,Yes,440,2,TA,5,2,2.0,6,1,No Pool,No,143750
1433,968,1927,2007,968,0,Yes,656,Yes,216,1,TA,5,4,2.0,4,1,No Pool,No,64500
1434,1792,2000,2000,962,830,Yes,936,Yes,451,2,TA,8,3,3.5,6,2,No Pool,No,186500
1435,1126,1977,1977,1126,0,Yes,1126,Yes,484,2,TA,5,3,3.0,5,1,No Pool,No,160000
1436,1537,1962,2005,1537,0,Yes,1319,Yes,462,2,Gd,7,3,2.5,6,1,No Pool,No,174000
1437,864,1971,1971,864,0,Yes,864,Yes,528,2,TA,5,3,1.0,4,1,No Pool,No,120500
1438,1932,2008,2008,1932,0,Yes,1932,Yes,774,3,Ex,7,2,3.0,8,1,No Pool,No,394617
1439,1236,1957,1996,1236,0,Yes,912,Yes,923,2,TA,6,2,2.0,6,1,No Pool,No,149700
1440,1725,1979,1979,1040,685,Yes,539,Yes,550,2,TA,6,3,2.5,7,2,No Pool,No,197000
1441,2555,1922,1994,1423,748,Yes,588,Yes,672,2,TA,11,3,2.0,6,2,No Pool,No,191000
1442,848,2004,2004,848,0,Yes,848,Yes,420,2,Gd,3,1,2.0,6,1,No Pool,No,149300
1443,2007,2008,2008,1026,981,Yes,1017,Yes,812,3,Ex,10,3,3.5,10,2,No Pool,No,310000
1444,952,1916,1950,952,0,Yes,952,Yes,192,1,Fa,4,2,1.0,6,1,No Pool,No,121000
1445,1422,2004,2004,1422,0,Yes,1422,Yes,626,2,Gd,7,3,2.0,7,1,No Pool,No,179600
1446,913,1966,1966,913,0,Yes,814,Yes,240,1,TA,6,3,2.0,6,1,No Pool,No,129000
1447,1188,1962,1962,1188,0,Yes,1188,Yes,312,1,TA,6,3,1.0,5,1,No Pool,No,157900
1448,2090,1995,1996,1220,870,Yes,1220,Yes,556,2,Gd,8,3,3.5,8,2,No Pool,No,240000
1449,1346,1910,2000,796,550,Yes,560,Yes,384,1,TA,6,2,1.5,4,2,No Pool,No,112000
1450,630,1970,1970,630,0,Yes,630,No,0,0,Ex,3,1,2.0,5,1,No Pool,No,92000
1451,1792,1974,1974,896,896,Yes,896,No,0,0,TA,8,4,3.0,5,2,No Pool,No,136000
1452,1578,2008,2009,1578,0,Yes,1573,Yes,840,3,Ex,7,3,2.0,8,1,No Pool,No,287090
1453,1072,2005,2005,1072,0,Yes,547,Yes,525,2,TA,5,2,2.0,5,1,No Pool,No,145000
1454,1140,2006,2006,1140,0,Yes,1140,No,0,0,TA,6,3,1.0,5,1,No Pool,No,84500
1455,1221,2004,2005,1221,0,Yes,1221,Yes,400,2,Gd,6,2,3.0,7,1,No Pool,No,185000
1456,1647,1999,2000,953,694,Yes,953,Yes,460,2,TA,7,3,2.5,6,2,No Pool,No,175000
1457,2073,1978,1988,2073,0,Yes,1542,Yes,500,2,TA,7,3,3.0,6,1,No Pool,No,210000
1458,2340,1941,2006,1188,1152,Yes,1152,Yes,252,1,Gd,9,4,2.0,7,2,No Pool,No,266500
1459,1078,1950,1996,1078,0,Yes,1078,Yes,240,1,Gd,5,2,2.0,5,1,No Pool,No,142125
1460,1256,1965,1965,1256,0,Yes,1256,Yes,276,1,TA,6,3,2.5,5,1,No Pool,No,147500
